[INFO] [launch]: All log files can be found below /home/harsh/.ros/log/2026-05-09-20-48-34-895979-harsh-rpi-51462
[INFO] [launch]: Default logging verbosity is set to INFO
[INFO] [robot_state_publisher-1]: process started with pid [51465]
[INFO] [ldlidar_stl_ros2_node-2]: process started with pid [51466]
[INFO] [motor_driver_node-3]: process started with pid [51467]
[INFO] [encoder_odom_node-4]: process started with pid [51468]
[INFO] [imu_node-5]: process started with pid [51469]
[INFO] [ekf_node-6]: process started with pid [51470]
[INFO] [ultra_sensor_node-7]: process started with pid [51471]
[INFO] [ir_driver-8]: process started with pid [51472]
[INFO] [bumper_node-9]: process started with pid [51473]
[INFO] [foxglove_bridge-10]: process started with pid [51474]
[INFO] [controller_server-11]: process started with pid [51475]
[INFO] [planner_server-12]: process started with pid [51480]
[INFO] [behavior_server-13]: process started with pid [51481]
[INFO] [bt_navigator-14]: process started with pid [51482]
[INFO] [map_server-15]: process started with pid [51483]
[INFO] [amcl-16]: process started with pid [51484]
[INFO] [lifecycle_manager-17]: process started with pid [51485]
[ldlidar_stl_ros2_node-2] [INFO] [1778374115.159375459] [LD19]: LDLiDAR SDK Pack Version is: v3.0.3
[ldlidar_stl_ros2_node-2] [INFO] [1778374115.159483402] [LD19]: <product_name>: LDLiDAR_LD19
[ldlidar_stl_ros2_node-2] [INFO] [1778374115.159502216] [LD19]: <topic_name>: scan
[ldlidar_stl_ros2_node-2] [INFO] [1778374115.159512790] [LD19]: <frame_id>: base_laser
[ldlidar_stl_ros2_node-2] [INFO] [1778374115.159523105] [LD19]: <port_name>: /dev/ttyUSB0
[ldlidar_stl_ros2_node-2] [INFO] [1778374115.159532975] [LD19]: <port_baudrate>: 230400
[ldlidar_stl_ros2_node-2] [INFO] [1778374115.159543605] [LD19]: <laser_scan_dir>: Counterclockwise
[ldlidar_stl_ros2_node-2] [INFO] [1778374115.159555901] [LD19]: <enable_angle_crop_func>: false
[ldlidar_stl_ros2_node-2] [INFO] [1778374115.159573975] [LD19]: <angle_crop_min>: 135.000000
[ldlidar_stl_ros2_node-2] [INFO] [1778374115.159593104] [LD19]: <angle_crop_max>: 225.000000
[ldlidar_stl_ros2_node-2] [INFO] [1778374115.175192161] [LD19]: ldlidar node start is success
[ldlidar_stl_ros2_node-2] [INFO] [1778374115.183996824] [LD19]: ldlidar communication is normal.
[ldlidar_stl_ros2_node-2] [INFO] [1778374115.188270584] [LD19]: Publish topic message:ldlidar scan data.
[robot_state_publisher-1] [INFO] [1778374115.217046562] [robot_state_publisher]: Robot initialized
[controller_server-11] [INFO] [1778374115.364959161] [controller_server]: 
[controller_server-11] 	controller_server lifecycle node launched. 
[controller_server-11] 	Waiting on external lifecycle transitions to activate
[controller_server-11] 	See https://design.ros2.org/articles/node_lifecycle.html for more information.
[bt_navigator-14] [INFO] [1778374115.406940430] [bt_navigator]: 
[bt_navigator-14] 	bt_navigator lifecycle node launched. 
[bt_navigator-14] 	Waiting on external lifecycle transitions to activate
[bt_navigator-14] 	See https://design.ros2.org/articles/node_lifecycle.html for more information.
[controller_server-11] [INFO] [1778374115.428761684] [controller_server]: Creating controller server
[bt_navigator-14] [INFO] [1778374115.442830131] [bt_navigator]: Creating
[planner_server-12] [INFO] [1778374115.495275377] [planner_server]: 
[planner_server-12] 	planner_server lifecycle node launched. 
[planner_server-12] 	Waiting on external lifecycle transitions to activate
[planner_server-12] 	See https://design.ros2.org/articles/node_lifecycle.html for more information.
[lifecycle_manager-17] [INFO] [1778374115.510420124] [lifecycle_manager_navigation]: Creating
[controller_server-11] [INFO] [1778374115.528290263] [local_costmap.local_costmap]: 
[controller_server-11] 	local_costmap lifecycle node launched. 
[controller_server-11] 	Waiting on external lifecycle transitions to activate
[controller_server-11] 	See https://design.ros2.org/articles/node_lifecycle.html for more information.
[planner_server-12] [INFO] [1778374115.532130583] [planner_server]: Creating
[controller_server-11] [INFO] [1778374115.536028718] [local_costmap.local_costmap]: Creating Costmap
[lifecycle_manager-17] [INFO] [1778374115.585317486] [lifecycle_manager_navigation]: [34m[1mCreating and initializing lifecycle service clients[0m[0m
[planner_server-12] [INFO] [1778374115.632434115] [global_costmap.global_costmap]: 
[planner_server-12] 	global_costmap lifecycle node launched. 
[planner_server-12] 	Waiting on external lifecycle transitions to activate
[planner_server-12] 	See https://design.ros2.org/articles/node_lifecycle.html for more information.
[amcl-16] [INFO] [1778374115.645247189] [amcl]: 
[amcl-16] 	amcl lifecycle node launched. 
[amcl-16] 	Waiting on external lifecycle transitions to activate
[amcl-16] 	See https://design.ros2.org/articles/node_lifecycle.html for more information.
[planner_server-12] [INFO] [1778374115.646535654] [global_costmap.global_costmap]: Creating Costmap
[amcl-16] [INFO] [1778374115.653664080] [amcl]: Creating
[map_server-15] [INFO] [1778374115.740762690] [map_server]: 
[map_server-15] 	map_server lifecycle node launched. 
[map_server-15] 	Waiting on external lifecycle transitions to activate
[map_server-15] 	See https://design.ros2.org/articles/node_lifecycle.html for more information.
[map_server-15] [INFO] [1778374115.741030131] [map_server]: Creating
[foxglove_bridge-10] [INFO] [1778374115.765127559] [foxglove_bridge]: Starting foxglove_bridge (jazzy, 3.2.2@)
[foxglove_bridge-10] [INFO] [1778374115.792964013] [foxglove_bridge]: Server listening on port 8765
[foxglove_bridge-10] [INFO] [1778374115.803682096] [foxglove_bridge]: Advertising new channel 1 for topic "/scan"
[behavior_server-13] [INFO] [1778374115.809703129] [behavior_server]: 
[behavior_server-13] 	behavior_server lifecycle node launched. 
[behavior_server-13] 	Waiting on external lifecycle transitions to activate
[behavior_server-13] 	See https://design.ros2.org/articles/node_lifecycle.html for more information.
[foxglove_bridge-10] [INFO] [1778374115.815162928] [foxglove_bridge]: Advertising new channel 2 for topic "/tf_static"
[foxglove_bridge-10] [INFO] [1778374115.815603645] [foxglove_bridge]: Advertising new channel 3 for topic "/rosout"
[foxglove_bridge-10] [INFO] [1778374115.816304599] [foxglove_bridge]: Advertising new channel 4 for topic "/parameter_events"
[foxglove_bridge-10] [INFO] [1778374115.831976580] [foxglove_bridge]: Advertising new channel 5 for topic "/odometry/filtered"
[foxglove_bridge-10] [INFO] [1778374115.832068616] [foxglove_bridge]: Advertising new channel 6 for topic "/odom"
[foxglove_bridge-10] [INFO] [1778374115.834288439] [foxglove_bridge]: Advertising new channel 7 for topic "/map_server/transition_event"
[foxglove_bridge-10] [INFO] [1778374115.834385456] [foxglove_bridge]: Advertising new channel 8 for topic "/planner_server/transition_event"
[foxglove_bridge-10] [INFO] [1778374115.834423993] [foxglove_bridge]: Advertising new channel 9 for topic "/local_costmap/local_costmap/transition_event"
[foxglove_bridge-10] [INFO] [1778374115.834769303] [foxglove_bridge]: Advertising new channel 10 for topic "/joint_states"
[foxglove_bridge-10] [INFO] [1778374115.847592970] [foxglove_bridge]: Advertising new channel 11 for topic "/imu/data"
[foxglove_bridge-10] [INFO] [1778374115.848036298] [foxglove_bridge]: Advertising new channel 12 for topic "/robot_description"
[foxglove_bridge-10] [INFO] [1778374115.848097278] [foxglove_bridge]: Advertising new channel 13 for topic "/global_costmap/global_costmap/transition_event"
[foxglove_bridge-10] [INFO] [1778374115.848129945] [foxglove_bridge]: Advertising new channel 14 for topic "/tf"
[foxglove_bridge-10] [INFO] [1778374115.848834565] [foxglove_bridge]: Advertising new channel 15 for topic "/diagnostics"
[foxglove_bridge-10] [INFO] [1778374115.848891472] [foxglove_bridge]: Advertising new channel 16 for topic "/controller_server/transition_event"
[foxglove_bridge-10] [INFO] [1778374115.848935119] [foxglove_bridge]: Advertising new channel 17 for topic "/bt_navigator/transition_event"
[lifecycle_manager-17] [INFO] [1778374115.852949493] [lifecycle_manager_navigation]: [34m[1mStarting managed nodes bringup...[0m[0m
[lifecycle_manager-17] [INFO] [1778374115.853064584] [lifecycle_manager_navigation]: [34m[1mConfiguring map_server[0m[0m
[map_server-15] [INFO] [1778374115.853598614] [map_server]: Configuring
[map_server-15] [INFO] [1778374115.853713391] [map_io]: Loading yaml file: /home/harsh/ros2_ws/src/my_robot_package/maps/my_house_map_0509_2.yaml
[map_server-15] [INFO] [1778374115.854082738] [map_io]: resolution: 0.05
[map_server-15] [INFO] [1778374115.854100071] [map_io]: origin[0]: -5.339
[map_server-15] [INFO] [1778374115.854105978] [map_io]: origin[1]: -6.026
[map_server-15] [INFO] [1778374115.854111237] [map_io]: origin[2]: 0
[map_server-15] [INFO] [1778374115.854116385] [map_io]: free_thresh: 0.196
[map_server-15] [INFO] [1778374115.854121626] [map_io]: occupied_thresh: 0.65
[map_server-15] [INFO] [1778374115.854128626] [map_io]: mode: trinary
[map_server-15] [INFO] [1778374115.854134533] [map_io]: negate: 0
[map_server-15] [INFO] [1778374115.854456770] [map_io]: Loading image_file: /home/harsh/ros2_ws/src/my_robot_package/maps/my_house_map_0509_2.pgm
[foxglove_bridge-10] [INFO] [1778374115.853835778] [foxglove_bridge]: Advertising new channel 18 for topic "/set_pose"
[foxglove_bridge-10] [INFO] [1778374115.853916592] [foxglove_bridge]: Advertising new channel 19 for topic "/behavior_server/transition_event"
[foxglove_bridge-10] [INFO] [1778374115.853946351] [foxglove_bridge]: Advertising new channel 20 for topic "/amcl/transition_event"
[map_server-15] [INFO] [1778374115.855651643] [map_io]: Read map /home/harsh/ros2_ws/src/my_robot_package/maps/my_house_map_0509_2.pgm: 135 X 173 map @ 0.05 m/cell
[lifecycle_manager-17] [INFO] [1778374115.900060808] [lifecycle_manager_navigation]: [34m[1mConfiguring amcl[0m[0m
[amcl-16] [INFO] [1778374115.900572968] [amcl]: Configuring
[amcl-16] [INFO] [1778374115.900716225] [amcl]: initTransforms
[amcl-16] [INFO] [1778374115.941144719] [amcl]: initPubSub
[amcl-16] [INFO] [1778374115.974290140] [amcl]: Subscribed to map topic.
[lifecycle_manager-17] [INFO] [1778374115.997582709] [lifecycle_manager_navigation]: [34m[1mConfiguring controller_server[0m[0m
[controller_server-11] [INFO] [1778374115.998303644] [controller_server]: Configuring controller interface
[controller_server-11] [INFO] [1778374115.998386587] [controller_server]: getting progress checker plugins..
[controller_server-11] [INFO] [1778374115.999881642] [controller_server]: getting goal checker plugins..
[controller_server-11] [INFO] [1778374116.003770776] [controller_server]: Controller frequency set to 5.0000Hz
[controller_server-11] [INFO] [1778374116.003911108] [local_costmap.local_costmap]: Configuring
[controller_server-11] [INFO] [1778374116.055391477] [local_costmap.local_costmap]: Using plugin "voxel_layer"
[controller_server-11] [INFO] [1778374116.089096373] [local_costmap.local_costmap]: Subscribed to Topics: scan bumper
[controller_server-11] [INFO] [1778374116.154424228] [local_costmap.local_costmap]: Initialized plugin "voxel_layer"
[controller_server-11] [INFO] [1778374116.154543301] [local_costmap.local_costmap]: Using plugin "range_sensor_layer"
[controller_server-11] [INFO] [1778374116.156161428] [local_costmap.local_costmap]: range_sensor_layer: ALL as input_sensor_type given
[controller_server-11] [INFO] [1778374116.166633774] [local_costmap.local_costmap]: RangeSensorLayer: subscribed to topic /ir/left
[controller_server-11] [INFO] [1778374116.167191488] [local_costmap.local_costmap]: RangeSensorLayer: subscribed to topic /ir/right
[controller_server-11] [INFO] [1778374116.170220783] [local_costmap.local_costmap]: RangeSensorLayer: subscribed to topic /local_costmap/ultrasonic_distance
[controller_server-11] [INFO] [1778374116.170303689] [local_costmap.local_costmap]: Initialized plugin "range_sensor_layer"
[controller_server-11] [INFO] [1778374116.170325096] [local_costmap.local_costmap]: Using plugin "inflation_layer"
[controller_server-11] [INFO] [1778374116.177854795] [local_costmap.local_costmap]: Initialized plugin "inflation_layer"
[controller_server-11] [INFO] [1778374116.280185411] [controller_server]: Created progress_checker : progress_checker of type nav2_controller::SimpleProgressChecker
[controller_server-11] [INFO] [1778374116.280644683] [controller_server]: Controller Server has progress_checker  progress checkers available.
[controller_server-11] [INFO] [1778374116.294095878] [controller_server]: Created goal checker : general_goal_checker of type nav2_controller::SimpleGoalChecker
[controller_server-11] [INFO] [1778374116.294882238] [controller_server]: Controller Server has general_goal_checker  goal checkers available.
[controller_server-11] [INFO] [1778374116.330697329] [controller_server]: Created controller : FollowPath of type dwb_core::DWBLocalPlanner
[controller_server-11] [INFO] [1778374116.333840992] [controller_server]: Setting transform_tolerance to 2.000000
[controller_server-11] [INFO] [1778374116.401080601] [controller_server]: Using critic "RotateToGoal" (dwb_critics::RotateToGoalCritic)
[controller_server-11] [INFO] [1778374116.413449496] [controller_server]: Critic plugin initialized
[controller_server-11] [INFO] [1778374116.414843033] [controller_server]: Using critic "Oscillation" (dwb_critics::OscillationCritic)
[controller_server-11] [INFO] [1778374116.415692319] [controller_server]: Critic plugin initialized
[controller_server-11] [INFO] [1778374116.415923204] [controller_server]: Using critic "BaseObstacle" (dwb_critics::BaseObstacleCritic)
[controller_server-11] [INFO] [1778374116.416234237] [controller_server]: Critic plugin initialized
[controller_server-11] [INFO] [1778374116.416446827] [controller_server]: Using critic "GoalAlign" (dwb_critics::GoalAlignCritic)
[controller_server-11] [INFO] [1778374116.423095315] [controller_server]: Critic plugin initialized
[controller_server-11] [INFO] [1778374116.423442311] [controller_server]: Using critic "PathAlign" (dwb_critics::PathAlignCritic)
[controller_server-11] [INFO] [1778374116.423968748] [controller_server]: Critic plugin initialized
[controller_server-11] [INFO] [1778374116.424179060] [controller_server]: Using critic "PathDist" (dwb_critics::PathDistCritic)
[controller_server-11] [INFO] [1778374116.427947419] [controller_server]: Critic plugin initialized
[controller_server-11] [INFO] [1778374116.430193797] [controller_server]: Using critic "GoalDist" (dwb_critics::GoalDistCritic)
[controller_server-11] [INFO] [1778374116.438116990] [controller_server]: Critic plugin initialized
[controller_server-11] [INFO] [1778374116.438229470] [controller_server]: Controller Server has FollowPath  controllers available.
[lifecycle_manager-17] [INFO] [1778374116.476377420] [lifecycle_manager_navigation]: [34m[1mConfiguring planner_server[0m[0m
[planner_server-12] [INFO] [1778374116.477098614] [planner_server]: Configuring
[planner_server-12] [INFO] [1778374116.477181539] [global_costmap.global_costmap]: Configuring
[planner_server-12] [INFO] [1778374116.502049624] [global_costmap.global_costmap]: Using plugin "static_layer"
[planner_server-12] [INFO] [1778374116.534930826] [global_costmap.global_costmap]: Subscribing to the map topic (/map) with transient local durability
[planner_server-12] [INFO] [1778374116.540531106] [global_costmap.global_costmap]: Initialized plugin "static_layer"
[planner_server-12] [INFO] [1778374116.540617382] [global_costmap.global_costmap]: Using plugin "obstacle_layer"
[planner_server-12] [INFO] [1778374116.548811424] [global_costmap.global_costmap]: Subscribed to Topics: scan bumper
[planner_server-12] [INFO] [1778374116.621125948] [global_costmap.global_costmap]: Initialized plugin "obstacle_layer"
[planner_server-12] [INFO] [1778374116.621205429] [global_costmap.global_costmap]: Using plugin "range_sensor_layer"
[planner_server-12] [INFO] [1778374116.626800004] [global_costmap.global_costmap]: range_sensor_layer: ALL as input_sensor_type given
[planner_server-12] [INFO] [1778374116.636317677] [global_costmap.global_costmap]: RangeSensorLayer: subscribed to topic /ir/left
[planner_server-12] [INFO] [1778374116.640097239] [global_costmap.global_costmap]: RangeSensorLayer: subscribed to topic /ir/right
[planner_server-12] [INFO] [1778374116.645988440] [global_costmap.global_costmap]: RangeSensorLayer: subscribed to topic /global_costmap/ultrasonic_distance
[planner_server-12] [INFO] [1778374116.646065662] [global_costmap.global_costmap]: Initialized plugin "range_sensor_layer"
[planner_server-12] [INFO] [1778374116.646082865] [global_costmap.global_costmap]: Using plugin "inflation_layer"
[planner_server-12] [INFO] [1778374116.648959994] [global_costmap.global_costmap]: Initialized plugin "inflation_layer"
[planner_server-12] [INFO] [1778374116.801048872] [planner_server]: Created global planner plugin GridBased of type nav2_navfn_planner::NavfnPlanner
[planner_server-12] [INFO] [1778374116.801139797] [planner_server]: Configuring plugin GridBased of type NavfnPlanner
[planner_server-12] [INFO] [1778374116.822506631] [planner_server]: Planner Server has GridBased  planners available.
[foxglove_bridge-10] [INFO] [1778374116.825448148] [foxglove_bridge]: Advertising new channel 21 for topic "/transformed_global_plan"
[foxglove_bridge-10] [INFO] [1778374116.828463868] [foxglove_bridge]: Advertising new channel 22 for topic "/speed_limit"
[foxglove_bridge-10] [INFO] [1778374116.830265493] [foxglove_bridge]: Advertising new channel 23 for topic "/particle_cloud"
[foxglove_bridge-10] [INFO] [1778374116.830526138] [foxglove_bridge]: Advertising new channel 24 for topic "/local_costmap/voxel_layer_updates"
[foxglove_bridge-10] [INFO] [1778374116.830803801] [foxglove_bridge]: Advertising new channel 25 for topic "/local_costmap/voxel_layer_raw_updates"
[foxglove_bridge-10] [INFO] [1778374116.831296239] [foxglove_bridge]: Advertising new channel 26 for topic "/local_costmap/voxel_layer_raw"
[foxglove_bridge-10] [INFO] [1778374116.831336516] [foxglove_bridge]: Advertising new channel 27 for topic "/local_costmap/range_sensor_layer_updates"
[foxglove_bridge-10] [INFO] [1778374116.831361516] [foxglove_bridge]: Advertising new channel 28 for topic "/local_costmap/range_sensor_layer_raw_updates"
[foxglove_bridge-10] [INFO] [1778374116.831827491] [foxglove_bridge]: Advertising new channel 29 for topic "/local_costmap/voxel_layer"
[foxglove_bridge-10] [INFO] [1778374116.831868861] [foxglove_bridge]: Advertising new channel 30 for topic "/local_costmap/range_sensor_layer_raw"
[foxglove_bridge-10] [INFO] [1778374116.831895416] [foxglove_bridge]: Advertising new channel 31 for topic "/received_global_plan"
[foxglove_bridge-10] [INFO] [1778374116.832886496] [foxglove_bridge]: Advertising new channel 32 for topic "/local_costmap/published_footprint"
[foxglove_bridge-10] [INFO] [1778374116.832945588] [foxglove_bridge]: Advertising new channel 33 for topic "/local_costmap/costmap_updates"
[foxglove_bridge-10] [INFO] [1778374116.832970254] [foxglove_bridge]: Advertising new channel 34 for topic "/local_costmap/costmap_raw_updates"
[foxglove_bridge-10] [INFO] [1778374116.832994958] [foxglove_bridge]: Advertising new channel 35 for topic "/local_costmap/costmap_raw"
[foxglove_bridge-10] [INFO] [1778374116.833115345] [foxglove_bridge]: Advertising new channel 36 for topic "/local_costmap/costmap"
[foxglove_bridge-10] [INFO] [1778374116.833752429] [foxglove_bridge]: Advertising new channel 37 for topic "/local_costmap/clearing_endpoints"
[foxglove_bridge-10] [INFO] [1778374116.834257312] [foxglove_bridge]: Advertising new channel 38 for topic "/ir/left"
[foxglove_bridge-10] [INFO] [1778374116.834335625] [foxglove_bridge]: Advertising new channel 39 for topic "/initialpose"
[foxglove_bridge-10] [INFO] [1778374116.834382014] [foxglove_bridge]: Advertising new channel 40 for topic "/global_costmap/ultrasonic_distance"
[foxglove_bridge-10] [INFO] [1778374116.834418309] [foxglove_bridge]: Advertising new channel 41 for topic "/global_costmap/static_layer_raw_updates"
[foxglove_bridge-10] [INFO] [1778374116.834490309] [foxglove_bridge]: Advertising new channel 42 for topic "/global_costmap/static_layer"
[foxglove_bridge-10] [INFO] [1778374116.834557474] [foxglove_bridge]: Advertising new channel 43 for topic "/global_costmap/range_sensor_layer_updates"
[foxglove_bridge-10] [INFO] [1778374116.834624492] [foxglove_bridge]: Advertising new channel 44 for topic "/global_costmap/range_sensor_layer_raw_updates"
[foxglove_bridge-10] [INFO] [1778374116.834660954] [foxglove_bridge]: Advertising new channel 45 for topic "/global_costmap/range_sensor_layer_raw"
[foxglove_bridge-10] [INFO] [1778374116.834750787] [foxglove_bridge]: Advertising new channel 46 for topic "/global_costmap/range_sensor_layer"
[foxglove_bridge-10] [INFO] [1778374116.834797249] [foxglove_bridge]: Advertising new channel 47 for topic "/global_costmap/published_footprint"
[foxglove_bridge-10] [INFO] [1778374116.834829323] [foxglove_bridge]: Advertising new channel 48 for topic "/global_costmap/obstacle_layer_updates"
[foxglove_bridge-10] [INFO] [1778374116.834890100] [foxglove_bridge]: Advertising new channel 49 for topic "/global_costmap/obstacle_layer_raw_updates"
[foxglove_bridge-10] [INFO] [1778374116.834984358] [foxglove_bridge]: Advertising new channel 50 for topic "/local_plan"
[foxglove_bridge-10] [INFO] [1778374116.835078560] [foxglove_bridge]: Advertising new channel 51 for topic "/global_costmap/obstacle_layer_raw"
[foxglove_bridge-10] [INFO] [1778374116.835452685] [foxglove_bridge]: Advertising new channel 52 for topic "/local_costmap/footprint"
[foxglove_bridge-10] [INFO] [1778374116.835527406] [foxglove_bridge]: Advertising new channel 53 for topic "/local_costmap/ultrasonic_distance"
[foxglove_bridge-10] [INFO] [1778374116.835563387] [foxglove_bridge]: Advertising new channel 54 for topic "/global_costmap/static_layer_raw"
[foxglove_bridge-10] [INFO] [1778374116.835587646] [foxglove_bridge]: Advertising new channel 55 for topic "/global_costmap/footprint"
[foxglove_bridge-10] [INFO] [1778374116.835622331] [foxglove_bridge]: Advertising new channel 56 for topic "/local_costmap/range_sensor_layer"
[foxglove_bridge-10] [INFO] [1778374116.835700089] [foxglove_bridge]: Advertising new channel 57 for topic "/global_costmap/obstacle_layer"
[foxglove_bridge-10] [INFO] [1778374116.835737218] [foxglove_bridge]: Advertising new channel 58 for topic "/global_costmap/costmap_raw_updates"
[foxglove_bridge-10] [INFO] [1778374116.835772607] [foxglove_bridge]: Advertising new channel 59 for topic "/global_costmap/costmap_raw"
[foxglove_bridge-10] [INFO] [1778374116.835819180] [foxglove_bridge]: Advertising new channel 60 for topic "/global_costmap/costmap"
[foxglove_bridge-10] [INFO] [1778374116.838453109] [foxglove_bridge]: Advertising new channel 61 for topic "/evaluation"
[foxglove_bridge-10] [INFO] [1778374116.838576311] [foxglove_bridge]: Advertising new channel 62 for topic "/global_costmap/static_layer_updates"
[foxglove_bridge-10] [INFO] [1778374116.840861541] [foxglove_bridge]: Advertising new channel 63 for topic "/ir/right"
[foxglove_bridge-10] [INFO] [1778374116.840975724] [foxglove_bridge]: Advertising new channel 64 for topic "/cost_cloud"
[foxglove_bridge-10] [INFO] [1778374116.841352164] [foxglove_bridge]: Advertising new channel 65 for topic "/cmd_vel"
[foxglove_bridge-10] [INFO] [1778374116.849028287] [foxglove_bridge]: Advertising new channel 66 for topic "/marker"
[foxglove_bridge-10] [INFO] [1778374116.849155618] [foxglove_bridge]: Advertising new channel 67 for topic "/map"
[foxglove_bridge-10] [INFO] [1778374116.849196507] [foxglove_bridge]: Advertising new channel 68 for topic "/amcl_pose"
[foxglove_bridge-10] [INFO] [1778374116.849225802] [foxglove_bridge]: Advertising new channel 69 for topic "/global_costmap/costmap_updates"
[lifecycle_manager-17] [INFO] [1778374116.916543410] [lifecycle_manager_navigation]: [34m[1mConfiguring behavior_server[0m[0m
[behavior_server-13] [INFO] [1778374116.917798264] [behavior_server]: Configuring
[behavior_server-13] [INFO] [1778374116.970997666] [behavior_server]: Creating behavior plugin spin of type nav2_behaviors::Spin
[behavior_server-13] [INFO] [1778374116.980864094] [behavior_server]: Creating behavior plugin backup of type nav2_behaviors::BackUp
[behavior_server-13] [INFO] [1778374116.997817911] [behavior_server]: Creating behavior plugin drive_on_heading of type nav2_behaviors::DriveOnHeading
[behavior_server-13] [INFO] [1778374117.008948766] [behavior_server]: Creating behavior plugin wait of type nav2_behaviors::Wait
[behavior_server-13] [INFO] [1778374117.091612064] [behavior_server]: Configuring spin
[amcl-16] [INFO] [1778374117.092191130] [amcl]: Message Filter dropping message: frame 'base_laser' at time 1778374116.088 for reason 'discarding message because the queue is full'
[behavior_server-13] [INFO] [1778374117.135898767] [behavior_server]: Configuring backup
[behavior_server-13] [INFO] [1778374117.154621487] [behavior_server]: Configuring drive_on_heading
[motor_driver_node-3] [INFO] [1778374117.182235017] [motor_driver_node]: Motor driver node started, listening to /cmd_vel
[behavior_server-13] [INFO] [1778374117.186180373] [behavior_server]: Configuring wait
[amcl-16] [INFO] [1778374117.189797475] [amcl]: Message Filter dropping message: frame 'base_laser' at time 1778374116.188 for reason 'discarding message because the queue is full'
[lifecycle_manager-17] [INFO] [1778374117.205182071] [lifecycle_manager_navigation]: [34m[1mConfiguring bt_navigator[0m[0m
[bt_navigator-14] [INFO] [1778374117.205765934] [bt_navigator]: Configuring
[bt_navigator-14] [INFO] [1778374117.227922091] [bt_navigator]: Creating navigator id navigate_to_pose of type nav2_bt_navigator::NavigateToPoseNavigator
[bt_navigator-14] [WARN] [1778374117.245010499] [bt_navigator]: Error_code parameters were not set. Using default values of: follow_path_error_code compute_path_error_code
[bt_navigator-14] Make sure these match your BT and there are not other sources of error codes youreported to your application
[amcl-16] [INFO] [1778374117.290362373] [amcl]: Message Filter dropping message: frame 'base_laser' at time 1778374116.290 for reason 'discarding message because the queue is full'
[amcl-16] [INFO] [1778374117.391069436] [amcl]: Message Filter dropping message: frame 'base_laser' at time 1778374116.389 for reason 'discarding message because the queue is full'
[bt_navigator-14] [INFO] [1778374117.459160275] [bt_navigator]: Creating navigator id navigate_through_poses of type nav2_bt_navigator::NavigateThroughPosesNavigator
[amcl-16] [INFO] [1778374117.492384232] [amcl]: Message Filter dropping message: frame 'base_laser' at time 1778374116.494 for reason 'discarding message because the queue is full'
[foxglove_bridge-10] [INFO] [1778374117.565569338] [foxglove_bridge]: Advertising new channel 70 for topic "/plan"
[lifecycle_manager-17] [INFO] [1778374117.566076072] [lifecycle_manager_navigation]: [34m[1mActivating map_server[0m[0m
[map_server-15] [INFO] [1778374117.566588862] [map_server]: Activating
[map_server-15] [INFO] [1778374117.566924894] [map_server]: Creating bond (map_server) to lifecycle manager.
[foxglove_bridge-10] [INFO] [1778374117.569797005] [foxglove_bridge]: Advertising new channel 71 for topic "/goal_pose"
[planner_server-12] [INFO] [1778374117.570082946] [global_costmap.global_costmap]: StaticLayer: Resizing costmap to 135 X 173 at 0.050000 m/pix
[amcl-16] [INFO] [1778374117.571813183] [amcl]: Received a 135 X 173 map @ 0.050 m/pix
[amcl-16] [INFO] [1778374117.589959947] [amcl]: Message Filter dropping message: frame 'base_laser' at time 1778374116.588 for reason 'discarding message because the queue is full'
[lifecycle_manager-17] [INFO] [1778374117.688420114] [lifecycle_manager_navigation]: Server map_server connected with bond.
[lifecycle_manager-17] [INFO] [1778374117.688536260] [lifecycle_manager_navigation]: [34m[1mActivating amcl[0m[0m
[amcl-16] [INFO] [1778374117.689612117] [amcl]: Activating
[amcl-16] [INFO] [1778374117.689694486] [amcl]: Creating bond (amcl) to lifecycle manager.
[amcl-16] [INFO] [1778374117.690340552] [amcl]: Message Filter dropping message: frame 'base_laser' at time 1778374116.688 for reason 'discarding message because the queue is full'
[amcl-16] [INFO] [1778374117.792668946] [amcl]: Message Filter dropping message: frame 'base_laser' at time 1778374116.788 for reason 'discarding message because the queue is full'
[lifecycle_manager-17] [INFO] [1778374117.824424441] [lifecycle_manager_navigation]: Server amcl connected with bond.
[lifecycle_manager-17] [INFO] [1778374117.824598735] [lifecycle_manager_navigation]: [34m[1mActivating controller_server[0m[0m
[controller_server-11] [INFO] [1778374117.828083579] [controller_server]: Activating
[controller_server-11] [INFO] [1778374117.828209040] [local_costmap.local_costmap]: Activating
[controller_server-11] [INFO] [1778374117.828240391] [local_costmap.local_costmap]: Checking transform
[controller_server-11] [INFO] [1778374117.828327261] [local_costmap.local_costmap]: Timed out waiting for transform from base_footprint to odom to become available, tf error: Invalid frame ID "odom" passed to canTransform argument target_frame - frame does not exist
[amcl-16] [INFO] [1778374117.890297271] [amcl]: Message Filter dropping message: frame 'base_laser' at time 1778374116.888 for reason 'discarding message because the queue is full'
[amcl-16] [INFO] [1778374117.989058878] [amcl]: Message Filter dropping message: frame 'base_laser' at time 1778374116.988 for reason 'discarding message because the queue is full'
[amcl-16] [INFO] [1778374118.088788621] [amcl]: Message Filter dropping message: frame 'base_laser' at time 1778374117.089 for reason 'discarding message because the queue is full'
[ir_driver-8] [INFO] [1778374118.129574850] [ir_sensor_node]: IR Driver Started. Left Frame: ir_left_link, Right Frame: ir_right_link
[amcl-16] [INFO] [1778374118.192913732] [amcl]: Message Filter dropping message: frame 'base_laser' at time 1778374117.190 for reason 'discarding message because the queue is full'
[foxglove_bridge-10] [INFO] [1778374118.202872251] [foxglove_bridge]: Advertising new channel 72 for topic "/bond"
[amcl-16] [INFO] [1778374118.294751688] [amcl]: Message Filter dropping message: frame 'base_laser' at time 1778374117.290 for reason 'discarding message because the queue is full'
[controller_server-11] [INFO] [1778374118.328411233] [local_costmap.local_costmap]: Timed out waiting for transform from base_footprint to odom to become available, tf error: Invalid frame ID "odom" passed to canTransform argument target_frame - frame does not exist
[amcl-16] [INFO] [1778374118.391230176] [amcl]: Message Filter dropping message: frame 'base_laser' at time 1778374117.391 for reason 'discarding message because the queue is full'
[ultra_sensor_node-7] /usr/lib/python3/dist-packages/gpiozero/input_devices.py:852: PWMSoftwareFallback: For more accurate readings, use the pigpio pin factory.See https://gpiozero.readthedocs.io/en/stable/api_input.html#distancesensor-hc-sr04 for more info
[ultra_sensor_node-7]   warnings.warn(PWMSoftwareFallback(
[amcl-16] [INFO] [1778374118.489822767] [amcl]: Message Filter dropping message: frame 'base_laser' at time 1778374117.488 for reason 'discarding message because the queue is full'
[imu_node-5] [INFO] [1778374118.503969139] [imu_node]: IMU node started (MPU6050 @ 0x68 on I2C bus 1)
[amcl-16] [INFO] [1778374118.593300850] [amcl]: Message Filter dropping message: frame 'base_laser' at time 1778374117.588 for reason 'discarding message because the queue is full'
[amcl-16] [INFO] [1778374118.608996850] [amcl]: createLaserObject
[amcl-16] [WARN] [1778374118.633050112] [amcl]: AMCL cannot publish a pose or update the transform. Please set the initial pose...
[ultra_sensor_node-7] [INFO] [1778374118.673285367] [ultra_sensor_node]: Ultrasonic node started. Publishing Range messages.
[bumper_node-9] [INFO] [1778374118.705429357] [bumper_node]: Bumper Translator Online. Pain Receptors Active.
[encoder_odom_node-4] [INFO] [1778374118.759214456] [encoder_odom_node]: Encoder odom started. L(13,19) R(5,6), TPR=494.0, wheel_diam=0.06, sep=0.24, dirs L=-1 R=1
[foxglove_bridge-10] [INFO] [1778374118.820063184] [foxglove_bridge]: Advertising new channel 73 for topic "/ultrasonic_distance"
[foxglove_bridge-10] [INFO] [1778374118.820182979] [foxglove_bridge]: Advertising new channel 74 for topic "/bumper_cloud"
[controller_server-11] [INFO] [1778374118.828629147] [local_costmap.local_costmap]: start
[controller_server-11] [INFO] [1778374119.383683924] [controller_server]: Creating bond (controller_server) to lifecycle manager.
[lifecycle_manager-17] [INFO] [1778374119.493363815] [lifecycle_manager_navigation]: Server controller_server connected with bond.
[lifecycle_manager-17] [INFO] [1778374119.493429963] [lifecycle_manager_navigation]: [34m[1mActivating planner_server[0m[0m
[planner_server-12] [INFO] [1778374119.494164064] [planner_server]: Activating
[planner_server-12] [INFO] [1778374119.494235526] [global_costmap.global_costmap]: Activating
[planner_server-12] [INFO] [1778374119.494263748] [global_costmap.global_costmap]: Checking transform
[planner_server-12] [INFO] [1778374119.494332821] [global_costmap.global_costmap]: Timed out waiting for transform from base_footprint to map to become available, tf error: Invalid frame ID "map" passed to canTransform argument target_frame - frame does not exist
[planner_server-12] [INFO] [1778374119.994402534] [global_costmap.global_costmap]: Timed out waiting for transform from base_footprint to map to become available, tf error: Invalid frame ID "map" passed to canTransform argument target_frame - frame does not exist
[ldlidar_stl_ros2_node-2] [LDS][INFO][1778374115.175048385][Actual BaudRate reported:230400]
[planner_server-12] [INFO] [1778374120.494386119] [global_costmap.global_costmap]: Timed out waiting for transform from base_footprint to map to become available, tf error: Invalid frame ID "map" passed to canTransform argument target_frame - frame does not exist
[amcl-16] [INFO] [1778374120.690630738] [amcl]: Message Filter dropping message: frame 'base_laser' at time 1778374117.688 for reason 'the timestamp on the message is earlier than all the data in the transform cache'
[amcl-16] [WARN] [1778374120.741191785] [amcl]: AMCL cannot publish a pose or update the transform. Please set the initial pose...
[amcl-16] [INFO] [1778374120.792928910] [amcl]: Message Filter dropping message: frame 'base_laser' at time 1778374117.791 for reason 'the timestamp on the message is earlier than all the data in the transform cache'
[amcl-16] [INFO] [1778374120.890528477] [amcl]: Message Filter dropping message: frame 'base_laser' at time 1778374117.890 for reason 'the timestamp on the message is earlier than all the data in the transform cache'
[amcl-16] [INFO] [1778374120.989306324] [amcl]: Message Filter dropping message: frame 'base_laser' at time 1778374117.988 for reason 'the timestamp on the message is earlier than all the data in the transform cache'
[planner_server-12] [INFO] [1778374120.994390295] [global_costmap.global_costmap]: Timed out waiting for transform from base_footprint to map to become available, tf error: Invalid frame ID "map" passed to canTransform argument target_frame - frame does not exist
[amcl-16] [INFO] [1778374121.089057400] [amcl]: Message Filter dropping message: frame 'base_laser' at time 1778374118.088 for reason 'the timestamp on the message is earlier than all the data in the transform cache'
[amcl-16] [INFO] [1778374121.193179363] [amcl]: Message Filter dropping message: frame 'base_laser' at time 1778374118.188 for reason 'the timestamp on the message is earlier than all the data in the transform cache'
[amcl-16] [INFO] [1778374121.295046985] [amcl]: Message Filter dropping message: frame 'base_laser' at time 1778374118.288 for reason 'the timestamp on the message is earlier than all the data in the transform cache'
[amcl-16] [INFO] [1778374121.391479623] [amcl]: Message Filter dropping message: frame 'base_laser' at time 1778374118.391 for reason 'the timestamp on the message is earlier than all the data in the transform cache'
[amcl-16] [INFO] [1778374121.490095676] [amcl]: Message Filter dropping message: frame 'base_laser' at time 1778374118.489 for reason 'the timestamp on the message is earlier than all the data in the transform cache'
[planner_server-12] [INFO] [1778374121.494403601] [global_costmap.global_costmap]: Timed out waiting for transform from base_footprint to map to become available, tf error: Invalid frame ID "map" passed to canTransform argument target_frame - frame does not exist
[planner_server-12] [INFO] [1778374121.994386501] [global_costmap.global_costmap]: Timed out waiting for transform from base_footprint to map to become available, tf error: Invalid frame ID "map" passed to canTransform argument target_frame - frame does not exist
[planner_server-12] [INFO] [1778374122.494399844] [global_costmap.global_costmap]: Timed out waiting for transform from base_footprint to map to become available, tf error: Invalid frame ID "map" passed to canTransform argument target_frame - frame does not exist
[amcl-16] [WARN] [1778374122.807750203] [amcl]: AMCL cannot publish a pose or update the transform. Please set the initial pose...
[planner_server-12] [INFO] [1778374122.994408113] [global_costmap.global_costmap]: Timed out waiting for transform from base_footprint to map to become available, tf error: Invalid frame ID "map" passed to canTransform argument target_frame - frame does not exist
[planner_server-12] [INFO] [1778374123.494389068] [global_costmap.global_costmap]: Timed out waiting for transform from base_footprint to map to become available, tf error: Invalid frame ID "map" passed to canTransform argument target_frame - frame does not exist
[planner_server-12] [INFO] [1778374123.994386300] [global_costmap.global_costmap]: Timed out waiting for transform from base_footprint to map to become available, tf error: Invalid frame ID "map" passed to canTransform argument target_frame - frame does not exist
[planner_server-12] [INFO] [1778374124.494386125] [global_costmap.global_costmap]: Timed out waiting for transform from base_footprint to map to become available, tf error: Invalid frame ID "map" passed to canTransform argument target_frame - frame does not exist
[amcl-16] [WARN] [1778374124.941068624] [amcl]: AMCL cannot publish a pose or update the transform. Please set the initial pose...
[planner_server-12] [INFO] [1778374124.994389246] [global_costmap.global_costmap]: Timed out waiting for transform from base_footprint to map to become available, tf error: Invalid frame ID "map" passed to canTransform argument target_frame - frame does not exist
[planner_server-12] [INFO] [1778374125.494386256] [global_costmap.global_costmap]: Timed out waiting for transform from base_footprint to map to become available, tf error: Invalid frame ID "map" passed to canTransform argument target_frame - frame does not exist
[planner_server-12] [INFO] [1778374125.994387267] [global_costmap.global_costmap]: Timed out waiting for transform from base_footprint to map to become available, tf error: Invalid frame ID "map" passed to canTransform argument target_frame - frame does not exist
[planner_server-12] [INFO] [1778374126.494398851] [global_costmap.global_costmap]: Timed out waiting for transform from base_footprint to map to become available, tf error: Invalid frame ID "map" passed to canTransform argument target_frame - frame does not exist
[planner_server-12] [INFO] [1778374126.994387361] [global_costmap.global_costmap]: Timed out waiting for transform from base_footprint to map to become available, tf error: Invalid frame ID "map" passed to canTransform argument target_frame - frame does not exist
[amcl-16] [WARN] [1778374127.007707595] [amcl]: AMCL cannot publish a pose or update the transform. Please set the initial pose...
[planner_server-12] [INFO] [1778374127.494407185] [global_costmap.global_costmap]: Timed out waiting for transform from base_footprint to map to become available, tf error: Invalid frame ID "map" passed to canTransform argument target_frame - frame does not exist
[planner_server-12] [INFO] [1778374127.994385381] [global_costmap.global_costmap]: Timed out waiting for transform from base_footprint to map to become available, tf error: Invalid frame ID "map" passed to canTransform argument target_frame - frame does not exist
[foxglove_bridge-10] [ERROR] [1778374128.243449481] [foxglove_bridge]: Failed to retrieve parameters from node '/LD19': Failed to retrieve parameter names for node '/LD19'
[foxglove_bridge-10] [WARN] [1778374128.243553202] [foxglove_bridge]: Adding node /LD19 to the ignore list to prevent repeated timeouts or failures in future parameter requests.
[foxglove_bridge-10] [ERROR] [1778374128.243762940] [foxglove_bridge]: Failed to retrieve parameters from node '/planner_server': Failed to retrieve parameter names for node '/planner_server'
[foxglove_bridge-10] [WARN] [1778374128.243798625] [foxglove_bridge]: Adding node /planner_server to the ignore list to prevent repeated timeouts or failures in future parameter requests.
[foxglove_bridge-10] [ERROR] [1778374128.244083436] [foxglove_bridge]: Failed to retrieve parameters from node '/bt_navigator_navigate_to_pose_rclcpp_node': Failed to retrieve parameter names for node '/bt_navigator_navigate_to_pose_rclcpp_node'
[foxglove_bridge-10] [WARN] [1778374128.244118084] [foxglove_bridge]: Adding node /bt_navigator_navigate_to_pose_rclcpp_node to the ignore list to prevent repeated timeouts or failures in future parameter requests.
[foxglove_bridge-10] [ERROR] [1778374128.244237971] [foxglove_bridge]: Failed to retrieve parameters from node '/bt_navigator_navigate_through_poses_rclcpp_node': Failed to retrieve parameter names for node '/bt_navigator_navigate_through_poses_rclcpp_node'
[foxglove_bridge-10] [WARN] [1778374128.244269378] [foxglove_bridge]: Adding node /bt_navigator_navigate_through_poses_rclcpp_node to the ignore list to prevent repeated timeouts or failures in future parameter requests.
[foxglove_bridge-10] [INFO] [1778374128.245007480] [foxglove_bridge]: received connection graph subscribe request
[foxglove_bridge-10] [INFO] [1778374128.247036472] [foxglove_bridge]: Client ID 1 is advertising "/goal_pose" (geometry_msgs/PoseStamped) on channel 1 with encoding "cdr"
[foxglove_bridge-10] [INFO] [1778374128.253961345] [foxglove_bridge]: Client ID 1 is advertising "/clicked_point" (geometry_msgs/PointStamped) on channel 2 with encoding "cdr"
[foxglove_bridge-10] [INFO] [1778374128.259222480] [foxglove_bridge]: Client ID 1 is advertising "/initialpose" (geometry_msgs/PoseWithCovarianceStamped) on channel 3 with encoding "cdr"
[foxglove_bridge-10] [INFO] [1778374128.262619603] [foxglove_bridge]: Client ID 1 is advertising "/move_base_simple/goal" (geometry_msgs/PoseStamped) on channel 4 with encoding "cdr"
[foxglove_bridge-10] [INFO] [1778374128.268400195] [foxglove_bridge]: publishing connection graph
[foxglove_bridge-10] [INFO] [1778374128.324945590] [foxglove_bridge]: received subscribe request for channel 14 from client 1 (sink 1)
[foxglove_bridge-10] [WARN] [1778374128.325204902] [foxglove_bridge]: Limiting history depth for topic '/tf' to 25 (was 300). You may want to increase the max_qos_depth parameter value.
[foxglove_bridge-10] [INFO] [1778374128.331884000] [foxglove_bridge]: created ROS subscription on /tf (tf2_msgs/msg/TFMessage) successfully for channel 14 (client 1, sink 1)
[foxglove_bridge-10] [INFO] [1778374128.332761619] [foxglove_bridge]: received subscribe request for channel 2 from client 1 (sink 1)
[foxglove_bridge-10] [INFO] [1778374128.335680099] [foxglove_bridge]: created ROS subscription on /tf_static (tf2_msgs/msg/TFMessage) successfully for channel 2 (client 1, sink 1)
[planner_server-12] [INFO] [1778374128.494387854] [global_costmap.global_costmap]: Timed out waiting for transform from base_footprint to map to become available, tf error: Invalid frame ID "map" passed to canTransform argument target_frame - frame does not exist
[foxglove_bridge-10] [INFO] [1778374128.567622144] [foxglove_bridge]: received subscribe request for channel 71 from client 1 (sink 1)
[foxglove_bridge-10] [INFO] [1778374128.568834906] [foxglove_bridge]: created ROS subscription on /goal_pose (geometry_msgs/msg/PoseStamped) successfully for channel 71 (client 1, sink 1)
[foxglove_bridge-10] [INFO] [1778374128.568973775] [foxglove_bridge]: received subscribe request for channel 39 from client 1 (sink 1)
[foxglove_bridge-10] [INFO] [1778374128.575325507] [foxglove_bridge]: created ROS subscription on /initialpose (geometry_msgs/msg/PoseWithCovarianceStamped) successfully for channel 39 (client 1, sink 1)
[foxglove_bridge-10] [INFO] [1778374128.575460376] [foxglove_bridge]: received subscribe request for channel 29 from client 1 (sink 1)
[foxglove_bridge-10] [INFO] [1778374128.578883813] [foxglove_bridge]: created ROS subscription on /local_costmap/voxel_layer (nav_msgs/msg/OccupancyGrid) successfully for channel 29 (client 1, sink 1)
[foxglove_bridge-10] [INFO] [1778374128.579050348] [foxglove_bridge]: received subscribe request for channel 24 from client 1 (sink 1)
[foxglove_bridge-10] [INFO] [1778374128.585533282] [foxglove_bridge]: created ROS subscription on /local_costmap/voxel_layer_updates (map_msgs/msg/OccupancyGridUpdate) successfully for channel 24 (client 1, sink 1)
[foxglove_bridge-10] [INFO] [1778374128.585659206] [foxglove_bridge]: received subscribe request for channel 50 from client 1 (sink 1)
[foxglove_bridge-10] [INFO] [1778374128.588463318] [foxglove_bridge]: created ROS subscription on /local_plan (nav_msgs/msg/Path) successfully for channel 50 (client 1, sink 1)
[foxglove_bridge-10] [INFO] [1778374128.588648538] [foxglove_bridge]: received subscribe request for channel 67 from client 1 (sink 1)
[foxglove_bridge-10] [INFO] [1778374128.591292096] [foxglove_bridge]: created ROS subscription on /map (nav_msgs/msg/OccupancyGrid) successfully for channel 67 (client 1, sink 1)
[foxglove_bridge-10] [INFO] [1778374128.591456668] [foxglove_bridge]: received subscribe request for channel 70 from client 1 (sink 1)
[foxglove_bridge-10] [INFO] [1778374128.594958215] [foxglove_bridge]: created ROS subscription on /plan (nav_msgs/msg/Path) successfully for channel 70 (client 1, sink 1)
[foxglove_bridge-10] [INFO] [1778374128.595111195] [foxglove_bridge]: received subscribe request for channel 12 from client 1 (sink 1)
[foxglove_bridge-10] [INFO] [1778374128.598359301] [foxglove_bridge]: created ROS subscription on /robot_description (std_msgs/msg/String) successfully for channel 12 (client 1, sink 1)
[foxglove_bridge-10] [INFO] [1778374128.770722045] [foxglove_bridge]: Advertising new channel 75 for topic "/move_base_simple/goal"
[foxglove_bridge-10] [INFO] [1778374128.771293241] [foxglove_bridge]: Advertising new channel 76 for topic "/clicked_point"
[foxglove_bridge-10] [INFO] [1778374128.782026565] [foxglove_bridge]: publishing connection graph
[foxglove_bridge-10] [INFO] [1778374128.925860920] [foxglove_bridge]: received subscribe request for channel 75 from client 1 (sink 1)
[foxglove_bridge-10] [INFO] [1778374128.928496127] [foxglove_bridge]: created ROS subscription on /move_base_simple/goal (geometry_msgs/msg/PoseStamped) successfully for channel 75 (client 1, sink 1)
[planner_server-12] [INFO] [1778374128.994390234] [global_costmap.global_costmap]: Timed out waiting for transform from base_footprint to map to become available, tf error: Invalid frame ID "map" passed to canTransform argument target_frame - frame does not exist
[amcl-16] [WARN] [1778374129.008088112] [amcl]: AMCL cannot publish a pose or update the transform. Please set the initial pose...
[foxglove_bridge-10] [INFO] [1778374129.294164454] [foxglove_bridge]: publishing connection graph
[planner_server-12] [INFO] [1778374129.494405670] [global_costmap.global_costmap]: Timed out waiting for transform from base_footprint to map to become available, tf error: Invalid frame ID "map" passed to canTransform argument target_frame - frame does not exist
[planner_server-12] [INFO] [1778374129.994388199] [global_costmap.global_costmap]: Timed out waiting for transform from base_footprint to map to become available, tf error: Invalid frame ID "map" passed to canTransform argument target_frame - frame does not exist
[planner_server-12] [INFO] [1778374130.494397283] [global_costmap.global_costmap]: Timed out waiting for transform from base_footprint to map to become available, tf error: Invalid frame ID "map" passed to canTransform argument target_frame - frame does not exist
[planner_server-12] [INFO] [1778374130.994385738] [global_costmap.global_costmap]: Timed out waiting for transform from base_footprint to map to become available, tf error: Invalid frame ID "map" passed to canTransform argument target_frame - frame does not exist
[amcl-16] [WARN] [1778374131.141172277] [amcl]: AMCL cannot publish a pose or update the transform. Please set the initial pose...
[planner_server-12] [INFO] [1778374131.494384433] [global_costmap.global_costmap]: Timed out waiting for transform from base_footprint to map to become available, tf error: Invalid frame ID "map" passed to canTransform argument target_frame - frame does not exist
[planner_server-12] [INFO] [1778374131.994390832] [global_costmap.global_costmap]: Timed out waiting for transform from base_footprint to map to become available, tf error: Invalid frame ID "map" passed to canTransform argument target_frame - frame does not exist
[planner_server-12] [INFO] [1778374132.494388046] [global_costmap.global_costmap]: Timed out waiting for transform from base_footprint to map to become available, tf error: Invalid frame ID "map" passed to canTransform argument target_frame - frame does not exist
[planner_server-12] [INFO] [1778374132.994408037] [global_costmap.global_costmap]: Timed out waiting for transform from base_footprint to map to become available, tf error: Invalid frame ID "map" passed to canTransform argument target_frame - frame does not exist
[amcl-16] [WARN] [1778374133.207854211] [amcl]: AMCL cannot publish a pose or update the transform. Please set the initial pose...
[planner_server-12] [INFO] [1778374133.494387066] [global_costmap.global_costmap]: Timed out waiting for transform from base_footprint to map to become available, tf error: Invalid frame ID "map" passed to canTransform argument target_frame - frame does not exist
[planner_server-12] [INFO] [1778374133.994388465] [global_costmap.global_costmap]: Timed out waiting for transform from base_footprint to map to become available, tf error: Invalid frame ID "map" passed to canTransform argument target_frame - frame does not exist
[planner_server-12] [INFO] [1778374134.494390327] [global_costmap.global_costmap]: Timed out waiting for transform from base_footprint to map to become available, tf error: Invalid frame ID "map" passed to canTransform argument target_frame - frame does not exist
[planner_server-12] [INFO] [1778374134.994387930] [global_costmap.global_costmap]: Timed out waiting for transform from base_footprint to map to become available, tf error: Invalid frame ID "map" passed to canTransform argument target_frame - frame does not exist
[amcl-16] [WARN] [1778374135.341165688] [amcl]: AMCL cannot publish a pose or update the transform. Please set the initial pose...
[planner_server-12] [INFO] [1778374135.494390051] [global_costmap.global_costmap]: Timed out waiting for transform from base_footprint to map to become available, tf error: Invalid frame ID "map" passed to canTransform argument target_frame - frame does not exist
[planner_server-12] [INFO] [1778374135.994387135] [global_costmap.global_costmap]: Timed out waiting for transform from base_footprint to map to become available, tf error: Invalid frame ID "map" passed to canTransform argument target_frame - frame does not exist
[planner_server-12] [INFO] [1778374136.494386386] [global_costmap.global_costmap]: Timed out waiting for transform from base_footprint to map to become available, tf error: Invalid frame ID "map" passed to canTransform argument target_frame - frame does not exist
[amcl-16] [INFO] [1778374136.812227186] [amcl]: initialPoseReceived
[amcl-16] [WARN] [1778374136.812397888] [amcl]: Failed to transform initial pose in time (Lookup would require extrapolation into the future.  Requested time 1778374136.812304 but the latest data is at time 1778374136.795773, when looking up transform from frame [base_footprint] to frame [odom])
[amcl-16] [INFO] [1778374136.812437906] [amcl]: Setting pose (1778374136.812437): -3.209 -2.525 0.542
[planner_server-12] [INFO] [1778374136.994491469] [global_costmap.global_costmap]: Timed out waiting for transform from base_footprint to map to become available, tf error: Lookup would require extrapolation at time 1778374136.929131, but only time 1778374139.888351 is in the buffer, when looking up transform from frame [base_footprint] to frame [map]
[planner_server-12] [INFO] [1778374137.494419554] [global_costmap.global_costmap]: Timed out waiting for transform from base_footprint to map to become available, tf error: Lookup would require extrapolation into the past.  Requested time 1778374137.468117 but the earliest data is at time 1778374139.888351, when looking up transform from frame [base_footprint] to frame [map]
[planner_server-12] [INFO] [1778374137.994407434] [global_costmap.global_costmap]: Timed out waiting for transform from base_footprint to map to become available, tf error: Lookup would require extrapolation into the past.  Requested time 1778374137.929060 but the earliest data is at time 1778374139.888351, when looking up transform from frame [base_footprint] to frame [map]
[planner_server-12] [INFO] [1778374138.494408333] [global_costmap.global_costmap]: Timed out waiting for transform from base_footprint to map to become available, tf error: Lookup would require extrapolation into the past.  Requested time 1778374138.468130 but the earliest data is at time 1778374139.888351, when looking up transform from frame [base_footprint] to frame [map]
[planner_server-12] [INFO] [1778374138.994402621] [global_costmap.global_costmap]: Timed out waiting for transform from base_footprint to map to become available, tf error: Lookup would require extrapolation into the past.  Requested time 1778374138.929067 but the earliest data is at time 1778374139.888351, when looking up transform from frame [base_footprint] to frame [map]
[planner_server-12] [INFO] [1778374139.494409316] [global_costmap.global_costmap]: Timed out waiting for transform from base_footprint to map to become available, tf error: Lookup would require extrapolation into the past.  Requested time 1778374139.468148 but the earliest data is at time 1778374139.888351, when looking up transform from frame [base_footprint] to frame [map]
[planner_server-12] [INFO] [1778374139.994572009] [global_costmap.global_costmap]: start
[foxglove_bridge-10] [INFO] [1778374140.009736479] [foxglove_bridge]: publishing connection graph
[foxglove_bridge-10] [INFO] [1778374140.522187309] [foxglove_bridge]: publishing connection graph
[planner_server-12] [INFO] [1778374140.997913746] [planner_server]: Activating plugin GridBased of type NavfnPlanner
[planner_server-12] [INFO] [1778374141.000671228] [planner_server]: Creating bond (planner_server) to lifecycle manager.
[foxglove_bridge-10] [INFO] [1778374141.038544051] [foxglove_bridge]: publishing connection graph
[lifecycle_manager-17] [INFO] [1778374141.109994328] [lifecycle_manager_navigation]: Server planner_server connected with bond.
[lifecycle_manager-17] [INFO] [1778374141.110053697] [lifecycle_manager_navigation]: [34m[1mActivating behavior_server[0m[0m
[behavior_server-13] [INFO] [1778374141.110586616] [behavior_server]: Activating
[behavior_server-13] [INFO] [1778374141.110629431] [behavior_server]: Activating spin
[behavior_server-13] [INFO] [1778374141.110651282] [behavior_server]: Activating backup
[behavior_server-13] [INFO] [1778374141.110670912] [behavior_server]: Activating drive_on_heading
[behavior_server-13] [INFO] [1778374141.110688171] [behavior_server]: Activating wait
[behavior_server-13] [INFO] [1778374141.110711652] [behavior_server]: Creating bond (behavior_server) to lifecycle manager.
[lifecycle_manager-17] [INFO] [1778374141.219725237] [lifecycle_manager_navigation]: Server behavior_server connected with bond.
[lifecycle_manager-17] [INFO] [1778374141.219800032] [lifecycle_manager_navigation]: [34m[1mActivating bt_navigator[0m[0m
[bt_navigator-14] [INFO] [1778374141.220890574] [bt_navigator]: Activating
[bt_navigator-14] [INFO] [1778374141.358682785] [bt_navigator]: Creating bond (bt_navigator) to lifecycle manager.
[lifecycle_manager-17] [INFO] [1778374141.468754079] [lifecycle_manager_navigation]: Server bt_navigator connected with bond.
[lifecycle_manager-17] [INFO] [1778374141.468830041] [lifecycle_manager_navigation]: [34m[1mManaged nodes are active[0m[0m
[lifecycle_manager-17] [INFO] [1778374141.468852429] [lifecycle_manager_navigation]: [34m[1mCreating bond timer...[0m[0m
[foxglove_bridge-10] [INFO] [1778374141.540958549] [foxglove_bridge]: Advertising new channel 77 for topic "/planner_selector"
[foxglove_bridge-10] [INFO] [1778374141.541101084] [foxglove_bridge]: Advertising new channel 78 for topic "/controller_selector"
[foxglove_bridge-10] [INFO] [1778374141.542885098] [foxglove_bridge]: Advertising new channel 79 for topic "/behavior_tree_log"
[foxglove_bridge-10] [INFO] [1778374141.552918023] [foxglove_bridge]: publishing connection graph
[bt_navigator-14] [INFO] [1778374144.712610659] [bt_navigator]: Begin navigating from current location (-3.22, -2.55) to (0.59, -0.60)
[controller_server-11] [INFO] [1778374144.734484690] [controller_server]: Received a goal, begin computing control effort.
[controller_server-11] [WARN] [1778374144.734588133] [controller_server]: No goal checker was specified in parameter 'current_goal_checker'. Server will use only plugin loaded general_goal_checker . This warning will appear once.
[controller_server-11] [WARN] [1778374144.734615744] [controller_server]: No progress checker was specified in parameter 'current_progress_checker'. Server will use only plugin loaded progress_checker . This warning will appear once.
[controller_server-11] [INFO] [1778374145.934998941] [controller_server]: Passing new path to controller.
[controller_server-11] [ERROR] [1778374145.952721118] [DWBLocalPlanner]: No valid trajectories out of 909! 
[controller_server-11] [ERROR] [1778374145.952813247] [DWBLocalPlanner]: 1.00: BaseObstacle/Trajectory Hits Obstacle.
[controller_server-11] [WARN] [1778374145.953654847] [controller_server]: Could not find a legal trajectory: No valid trajectories out of 909! 
[controller_server-11] [ERROR] [1778374146.751704322] [DWBLocalPlanner]: No valid trajectories out of 909! 
[controller_server-11] [ERROR] [1778374146.751764006] [DWBLocalPlanner]: 1.00: BaseObstacle/Trajectory Hits Obstacle.
[controller_server-11] [WARN] [1778374146.752528496] [controller_server]: Could not find a legal trajectory: No valid trajectories out of 909! 
[controller_server-11] [INFO] [1778374146.934998294] [controller_server]: Passing new path to controller.
[controller_server-11] [ERROR] [1778374146.952144201] [DWBLocalPlanner]: No valid trajectories out of 909! 
[controller_server-11] [ERROR] [1778374146.952205052] [DWBLocalPlanner]: 1.00: BaseObstacle/Trajectory Hits Obstacle.
[controller_server-11] [WARN] [1778374146.952985616] [controller_server]: Could not find a legal trajectory: No valid trajectories out of 909! 
[controller_server-11] [ERROR] [1778374147.152547378] [DWBLocalPlanner]: No valid trajectories out of 909! 
[controller_server-11] [ERROR] [1778374147.152618488] [DWBLocalPlanner]: 1.00: BaseObstacle/Trajectory Hits Obstacle.
[controller_server-11] [WARN] [1778374147.153342219] [controller_server]: Could not find a legal trajectory: No valid trajectories out of 909! 
[controller_server-11] [ERROR] [1778374147.368237375] [DWBLocalPlanner]: No valid trajectories out of 909! 
[controller_server-11] [ERROR] [1778374147.368307707] [DWBLocalPlanner]: 1.00: BaseObstacle/Trajectory Hits Obstacle.
[controller_server-11] [WARN] [1778374147.369108086] [controller_server]: Could not find a legal trajectory: No valid trajectories out of 909! 
[controller_server-11] [ERROR] [1778374147.552434817] [DWBLocalPlanner]: No valid trajectories out of 909! 
[controller_server-11] [ERROR] [1778374147.552540649] [DWBLocalPlanner]: 1.00: BaseObstacle/Trajectory Hits Obstacle.
[controller_server-11] [WARN] [1778374147.553411656] [controller_server]: Could not find a legal trajectory: No valid trajectories out of 909! 
[controller_server-11] [ERROR] [1778374147.553565654] [controller_server]: Controller patience exceeded
[controller_server-11] [WARN] [1778374147.553743430] [controller_server]: [follow_path] [ActionServer] Aborting handle.
[controller_server-11] [INFO] [1778374147.573294565] [local_costmap.local_costmap]: Received request to clear entirely the local_costmap
[controller_server-11] [INFO] [1778374147.574985024] [controller_server]: Received a goal, begin computing control effort.
[controller_server-11] [ERROR] [1778374147.875388533] [controller_server]: Costmap timed out waiting for update
[controller_server-11] [WARN] [1778374147.875585104] [controller_server]: [follow_path] [ActionServer] Aborting handle.
[controller_server-11] [INFO] [1778374147.875846675] [controller_server]: Received a goal, begin computing control effort.
[controller_server-11] [INFO] [1778374148.876051063] [controller_server]: Passing new path to controller.
[controller_server-11] [ERROR] [1778374148.899071597] [DWBLocalPlanner]: No valid trajectories out of 909! 
[controller_server-11] [ERROR] [1778374148.899176448] [DWBLocalPlanner]: 1.00: BaseObstacle/Trajectory Hits Obstacle.
[controller_server-11] [WARN] [1778374148.900151898] [controller_server]: Could not find a legal trajectory: No valid trajectories out of 909! 
[controller_server-11] [ERROR] [1778374149.495542522] [DWBLocalPlanner]: No valid trajectories out of 909! 
[controller_server-11] [ERROR] [1778374149.495606262] [DWBLocalPlanner]: 1.00: BaseObstacle/Trajectory Hits Obstacle.
[controller_server-11] [WARN] [1778374149.496485769] [controller_server]: Could not find a legal trajectory: No valid trajectories out of 909! 
[controller_server-11] [INFO] [1778374149.876041602] [controller_server]: Passing new path to controller.
[controller_server-11] [ERROR] [1778374149.899620166] [DWBLocalPlanner]: No valid trajectories out of 909! 
[controller_server-11] [ERROR] [1778374149.899678165] [DWBLocalPlanner]: 1.00: BaseObstacle/Trajectory Hits Obstacle.
[controller_server-11] [WARN] [1778374149.900798780] [controller_server]: Could not find a legal trajectory: No valid trajectories out of 909! 
[controller_server-11] [ERROR] [1778374150.494906643] [DWBLocalPlanner]: No valid trajectories out of 909! 
[controller_server-11] [ERROR] [1778374150.494957309] [DWBLocalPlanner]: 1.00: BaseObstacle/Trajectory Hits Obstacle.
[controller_server-11] [WARN] [1778374150.495640911] [controller_server]: Could not find a legal trajectory: No valid trajectories out of 909! 
[controller_server-11] [ERROR] [1778374150.897822172] [DWBLocalPlanner]: No valid trajectories out of 909! 
[controller_server-11] [ERROR] [1778374150.897874801] [DWBLocalPlanner]: 1.00: BaseObstacle/Trajectory Hits Obstacle.
[controller_server-11] [WARN] [1778374150.898550978] [controller_server]: Could not find a legal trajectory: No valid trajectories out of 909! 
[controller_server-11] [INFO] [1778374151.076038785] [controller_server]: Passing new path to controller.
[controller_server-11] [ERROR] [1778374151.291220103] [DWBLocalPlanner]: No valid trajectories out of 909! 
[controller_server-11] [ERROR] [1778374151.291271973] [DWBLocalPlanner]: 1.00: BaseObstacle/Trajectory Hits Obstacle.
[controller_server-11] [WARN] [1778374151.291939835] [controller_server]: Could not find a legal trajectory: No valid trajectories out of 909! 
[controller_server-11] [INFO] [1778374152.076044435] [controller_server]: Passing new path to controller.
[controller_server-11] [INFO] [1778374153.076069140] [controller_server]: Passing new path to controller.
[controller_server-11] [ERROR] [1778374153.693056502] [DWBLocalPlanner]: No valid trajectories out of 909! 
[controller_server-11] [ERROR] [1778374153.693153297] [DWBLocalPlanner]: 1.00: BaseObstacle/Trajectory Hits Obstacle.
[controller_server-11] [WARN] [1778374153.693990064] [controller_server]: Could not find a legal trajectory: No valid trajectories out of 909! 
[controller_server-11] [INFO] [1778374154.076045920] [controller_server]: Passing new path to controller.
[controller_server-11] [INFO] [1778374155.076013255] [controller_server]: Passing new path to controller.
[controller_server-11] [INFO] [1778374156.076043275] [controller_server]: Passing new path to controller.
[controller_server-11] [ERROR] [1778374156.898406989] [DWBLocalPlanner]: No valid trajectories out of 909! 
[controller_server-11] [ERROR] [1778374156.898463655] [DWBLocalPlanner]: 1.00: BaseObstacle/Trajectory Hits Obstacle.
[controller_server-11] [WARN] [1778374156.899299515] [controller_server]: Could not find a legal trajectory: No valid trajectories out of 909! 
[controller_server-11] [INFO] [1778374157.076045684] [controller_server]: Passing new path to controller.
[controller_server-11] [ERROR] [1778374157.092283325] [DWBLocalPlanner]: No valid trajectories out of 909! 
[controller_server-11] [ERROR] [1778374157.092351787] [DWBLocalPlanner]: 1.00: BaseObstacle/Trajectory Hits Obstacle.
[controller_server-11] [WARN] [1778374157.092974205] [controller_server]: Could not find a legal trajectory: No valid trajectories out of 909! 
[controller_server-11] [ERROR] [1778374157.292184045] [DWBLocalPlanner]: No valid trajectories out of 909! 
[controller_server-11] [ERROR] [1778374157.292252637] [DWBLocalPlanner]: 1.00: BaseObstacle/Trajectory Hits Obstacle.
[controller_server-11] [WARN] [1778374157.293253920] [controller_server]: Could not find a legal trajectory: No valid trajectories out of 909! 
[controller_server-11] [ERROR] [1778374157.490907688] [DWBLocalPlanner]: No valid trajectories out of 909! 
[controller_server-11] [ERROR] [1778374157.490974872] [DWBLocalPlanner]: 1.00: BaseObstacle/Trajectory Hits Obstacle.
[controller_server-11] [WARN] [1778374157.491604438] [controller_server]: Could not find a legal trajectory: No valid trajectories out of 909! 
[controller_server-11] [ERROR] [1778374157.690962239] [DWBLocalPlanner]: No valid trajectories out of 909! 
[controller_server-11] [ERROR] [1778374157.691041794] [DWBLocalPlanner]: 1.00: BaseObstacle/Trajectory Hits Obstacle.
[controller_server-11] [WARN] [1778374157.692517293] [controller_server]: Could not find a legal trajectory: No valid trajectories out of 909! 
[controller_server-11] [ERROR] [1778374157.692627625] [controller_server]: Controller patience exceeded
[controller_server-11] [WARN] [1778374157.692761734] [controller_server]: [follow_path] [ActionServer] Aborting handle.
[controller_server-11] [INFO] [1778374157.694427879] [local_costmap.local_costmap]: Received request to clear entirely the local_costmap
[planner_server-12] [INFO] [1778374157.697184418] [global_costmap.global_costmap]: Received request to clear entirely the global_costmap
[planner_server-12] [WARN] [1778374157.999936321] [planner_server]: Planner loop missed its desired rate of 5.0000 Hz. Current loop rate is 3.3263 Hz
[controller_server-11] [INFO] [1778374158.013725865] [controller_server]: Received a goal, begin computing control effort.
[controller_server-11] [ERROR] [1778374159.033298649] [DWBLocalPlanner]: No valid trajectories out of 909! 
[controller_server-11] [ERROR] [1778374159.033373093] [DWBLocalPlanner]: 1.00: BaseObstacle/Trajectory Hits Obstacle.
[controller_server-11] [WARN] [1778374159.034223730] [controller_server]: Could not find a legal trajectory: No valid trajectories out of 909! 
[controller_server-11] [INFO] [1778374159.214277448] [controller_server]: Passing new path to controller.
[controller_server-11] [ERROR] [1778374159.231734648] [DWBLocalPlanner]: No valid trajectories out of 909! 
[controller_server-11] [ERROR] [1778374159.231792073] [DWBLocalPlanner]: 1.00: BaseObstacle/Trajectory Hits Obstacle.
[controller_server-11] [WARN] [1778374159.232595877] [controller_server]: Could not find a legal trajectory: No valid trajectories out of 909! 
[controller_server-11] [ERROR] [1778374159.432092936] [DWBLocalPlanner]: No valid trajectories out of 909! 
[controller_server-11] [ERROR] [1778374159.432153065] [DWBLocalPlanner]: 1.00: BaseObstacle/Trajectory Hits Obstacle.
[controller_server-11] [WARN] [1778374159.432899888] [controller_server]: Could not find a legal trajectory: No valid trajectories out of 909! 
[controller_server-11] [ERROR] [1778374159.632071081] [DWBLocalPlanner]: No valid trajectories out of 909! 
[controller_server-11] [ERROR] [1778374159.632126414] [DWBLocalPlanner]: 1.00: BaseObstacle/Trajectory Hits Obstacle.
[controller_server-11] [WARN] [1778374159.633031383] [controller_server]: Could not find a legal trajectory: No valid trajectories out of 909! 
[controller_server-11] [ERROR] [1778374159.831763822] [DWBLocalPlanner]: No valid trajectories out of 909! 
[controller_server-11] [ERROR] [1778374159.831825377] [DWBLocalPlanner]: 1.00: BaseObstacle/Trajectory Hits Obstacle.
[controller_server-11] [WARN] [1778374159.832623737] [controller_server]: Could not find a legal trajectory: No valid trajectories out of 909! 
[controller_server-11] [ERROR] [1778374159.832709403] [controller_server]: Controller patience exceeded
[controller_server-11] [WARN] [1778374159.832873456] [controller_server]: [follow_path] [ActionServer] Aborting handle.
[controller_server-11] [INFO] [1778374159.853242432] [local_costmap.local_costmap]: Received request to clear entirely the local_costmap
[bt_navigator-14] [WARN] [1778374159.874050033] [bt_navigator_navigate_to_pose_rclcpp_node]: Node timed out while executing service call to local_costmap/clear_entirely_local_costmap.
[behavior_server-13] [INFO] [1778374159.876002007] [behavior_server]: Running spin
[behavior_server-13] [INFO] [1778374159.876286819] [behavior_server]: Turning 1.57 for spin behavior.
[behavior_server-13] [INFO] [1778374160.476570971] [behavior_server]: spin completed successfully
[controller_server-11] [INFO] [1778374160.513860839] [controller_server]: Received a goal, begin computing control effort.
[controller_server-11] [ERROR] [1778374161.332315734] [DWBLocalPlanner]: No valid trajectories out of 909! 
[controller_server-11] [ERROR] [1778374161.332373048] [DWBLocalPlanner]: 1.00: BaseObstacle/Trajectory Hits Obstacle.
[controller_server-11] [WARN] [1778374161.333341165] [controller_server]: Could not find a legal trajectory: No valid trajectories out of 909! 
[planner_server-12] [WARN] [1778374161.524052690] [planner_server]: GridBased plugin failed to plan from (-1.07, -0.47) to (0.59, -0.60): "Failed to create plan with tolerance of: 0.500000"
[planner_server-12] [WARN] [1778374161.524155263] [planner_server]: [compute_path_to_pose] [ActionServer] Aborting handle.
[controller_server-11] [ERROR] [1778374161.532348768] [DWBLocalPlanner]: No valid trajectories out of 909! 
[controller_server-11] [ERROR] [1778374161.532413119] [DWBLocalPlanner]: 1.00: BaseObstacle/Trajectory Hits Obstacle.
[controller_server-11] [WARN] [1778374161.533240867] [controller_server]: Could not find a legal trajectory: No valid trajectories out of 909! 
[planner_server-12] [INFO] [1778374161.534570035] [global_costmap.global_costmap]: Received request to clear entirely the global_costmap
[controller_server-11] [ERROR] [1778374161.732253117] [DWBLocalPlanner]: No valid trajectories out of 909! 
[controller_server-11] [ERROR] [1778374161.732312783] [DWBLocalPlanner]: 1.00: BaseObstacle/Trajectory Hits Obstacle.
[controller_server-11] [WARN] [1778374161.733091181] [controller_server]: Could not find a legal trajectory: No valid trajectories out of 909! 
[controller_server-11] [ERROR] [1778374161.932097616] [DWBLocalPlanner]: No valid trajectories out of 909! 
[controller_server-11] [ERROR] [1778374161.932166745] [DWBLocalPlanner]: 1.00: BaseObstacle/Trajectory Hits Obstacle.
[controller_server-11] [WARN] [1778374161.932939235] [controller_server]: Could not find a legal trajectory: No valid trajectories out of 909! 
[planner_server-12] [WARN] [1778374161.996611075] [planner_server]: Planner loop missed its desired rate of 5.0000 Hz. Current loop rate is 2.1699 Hz
[controller_server-11] [INFO] [1778374162.114274881] [controller_server]: Passing new path to controller.
[controller_server-11] [ERROR] [1778374162.132184945] [DWBLocalPlanner]: No valid trajectories out of 909! 
[controller_server-11] [ERROR] [1778374162.132275999] [DWBLocalPlanner]: 1.00: BaseObstacle/Trajectory Hits Obstacle.
[controller_server-11] [WARN] [1778374162.133131414] [controller_server]: Could not find a legal trajectory: No valid trajectories out of 909! 
[controller_server-11] [ERROR] [1778374162.133239561] [controller_server]: Controller patience exceeded
[controller_server-11] [WARN] [1778374162.133369041] [controller_server]: [follow_path] [ActionServer] Aborting handle.
[controller_server-11] [INFO] [1778374162.153463446] [local_costmap.local_costmap]: Received request to clear entirely the local_costmap
[controller_server-11] [INFO] [1778374162.155349514] [controller_server]: Received a goal, begin computing control effort.
[controller_server-11] [WARN] [1778374162.369346107] [controller_server]: Control loop missed its desired rate of 5.0000 Hz. Current loop rate is 4.6792 Hz.
[controller_server-11] [INFO] [1778374163.155728215] [controller_server]: Passing new path to controller.
[controller_server-11] [INFO] [1778374164.155718106] [controller_server]: Passing new path to controller.
[controller_server-11] [ERROR] [1778374164.773099870] [DWBLocalPlanner]: No valid trajectories out of 909! 
[controller_server-11] [ERROR] [1778374164.773164628] [DWBLocalPlanner]: 1.00: BaseObstacle/Trajectory Hits Obstacle.
[controller_server-11] [WARN] [1778374164.774108394] [controller_server]: Could not find a legal trajectory: No valid trajectories out of 909! 
[controller_server-11] [INFO] [1778374165.155718496] [controller_server]: Passing new path to controller.
[controller_server-11] [ERROR] [1778374165.574062196] [DWBLocalPlanner]: No valid trajectories out of 916! 
[controller_server-11] [ERROR] [1778374165.574135991] [DWBLocalPlanner]: 1.00: BaseObstacle/Trajectory Hits Obstacle.
[controller_server-11] [WARN] [1778374165.575602361] [controller_server]: Could not find a legal trajectory: No valid trajectories out of 916! 
[controller_server-11] [ERROR] [1778374165.773578847] [DWBLocalPlanner]: No valid trajectories out of 909! 
[controller_server-11] [ERROR] [1778374165.773647568] [DWBLocalPlanner]: 1.00: BaseObstacle/Trajectory Hits Obstacle.
[controller_server-11] [WARN] [1778374165.774424206] [controller_server]: Could not find a legal trajectory: No valid trajectories out of 909! 
[controller_server-11] [ERROR] [1778374165.972786576] [DWBLocalPlanner]: No valid trajectories out of 909! 
[controller_server-11] [ERROR] [1778374165.972885130] [DWBLocalPlanner]: 1.00: BaseObstacle/Trajectory Hits Obstacle.
[controller_server-11] [WARN] [1778374165.973647657] [controller_server]: Could not find a legal trajectory: No valid trajectories out of 909! 
[controller_server-11] [INFO] [1778374166.155713424] [controller_server]: Passing new path to controller.
[controller_server-11] [ERROR] [1778374166.173565859] [DWBLocalPlanner]: No valid trajectories out of 909! 
[controller_server-11] [ERROR] [1778374166.173635802] [DWBLocalPlanner]: 1.00: BaseObstacle/Trajectory Hits Obstacle.
[controller_server-11] [WARN] [1778374166.174373793] [controller_server]: Could not find a legal trajectory: No valid trajectories out of 909! 
[controller_server-11] [ERROR] [1778374166.373092306] [DWBLocalPlanner]: No valid trajectories out of 909! 
[controller_server-11] [ERROR] [1778374166.373177953] [DWBLocalPlanner]: 1.00: BaseObstacle/Trajectory Hits Obstacle.
[controller_server-11] [WARN] [1778374166.373974906] [controller_server]: Could not find a legal trajectory: No valid trajectories out of 909! 
[controller_server-11] [ERROR] [1778374166.573696091] [DWBLocalPlanner]: No valid trajectories out of 909! 
[controller_server-11] [ERROR] [1778374166.573765942] [DWBLocalPlanner]: 1.00: BaseObstacle/Trajectory Hits Obstacle.
[controller_server-11] [WARN] [1778374166.574564117] [controller_server]: Could not find a legal trajectory: No valid trajectories out of 909! 
[controller_server-11] [ERROR] [1778374166.574672393] [controller_server]: Controller patience exceeded
[controller_server-11] [WARN] [1778374166.574789095] [controller_server]: [follow_path] [ActionServer] Aborting handle.
[behavior_server-13] [INFO] [1778374166.593887162] [behavior_server]: Running wait
[behavior_server-13] [INFO] [1778374171.594170593] [behavior_server]: wait completed successfully
[planner_server-12] [WARN] [1778374171.613882467] [planner_server]: GridBased plugin failed to plan from (-1.21, -1.36) to (0.59, -0.60): "Failed to create plan with tolerance of: 0.500000"
[planner_server-12] [WARN] [1778374171.613988632] [planner_server]: [compute_path_to_pose] [ActionServer] Aborting handle.
[planner_server-12] [INFO] [1778374171.623239104] [global_costmap.global_costmap]: Received request to clear entirely the global_costmap
[planner_server-12] [WARN] [1778374172.005593771] [planner_server]: Planner loop missed its desired rate of 5.0000 Hz. Current loop rate is 2.6244 Hz
[controller_server-11] [INFO] [1778374172.023863015] [controller_server]: Received a goal, begin computing control effort.
[controller_server-11] [ERROR] [1778374172.041002441] [DWBLocalPlanner]: No valid trajectories out of 909! 
[controller_server-11] [ERROR] [1778374172.041077625] [DWBLocalPlanner]: 1.00: BaseObstacle/Trajectory Hits Obstacle.
[controller_server-11] [WARN] [1778374172.041897374] [controller_server]: Could not find a legal trajectory: No valid trajectories out of 909! 
[controller_server-11] [ERROR] [1778374172.241404710] [DWBLocalPlanner]: No valid trajectories out of 909! 
[controller_server-11] [ERROR] [1778374172.241488357] [DWBLocalPlanner]: 1.00: BaseObstacle/Trajectory Hits Obstacle.
[controller_server-11] [WARN] [1778374172.242266032] [controller_server]: Could not find a legal trajectory: No valid trajectories out of 909! 
[controller_server-11] [ERROR] [1778374172.441620112] [DWBLocalPlanner]: No valid trajectories out of 909! 
[controller_server-11] [ERROR] [1778374172.441712018] [DWBLocalPlanner]: 1.00: BaseObstacle/Trajectory Hits Obstacle.
[controller_server-11] [WARN] [1778374172.442410509] [controller_server]: Could not find a legal trajectory: No valid trajectories out of 909! 
[controller_server-11] [ERROR] [1778374172.641724477] [DWBLocalPlanner]: No valid trajectories out of 909! 
[controller_server-11] [ERROR] [1778374172.641808828] [DWBLocalPlanner]: 1.00: BaseObstacle/Trajectory Hits Obstacle.
[controller_server-11] [WARN] [1778374172.642566892] [controller_server]: Could not find a legal trajectory: No valid trajectories out of 909! 
[controller_server-11] [ERROR] [1778374172.841314275] [DWBLocalPlanner]: No valid trajectories out of 909! 
[controller_server-11] [ERROR] [1778374172.841395256] [DWBLocalPlanner]: 1.00: BaseObstacle/Trajectory Hits Obstacle.
[controller_server-11] [WARN] [1778374172.842128135] [controller_server]: Could not find a legal trajectory: No valid trajectories out of 909! 
[controller_server-11] [ERROR] [1778374173.041173626] [DWBLocalPlanner]: No valid trajectories out of 909! 
[controller_server-11] [ERROR] [1778374173.041256365] [DWBLocalPlanner]: 1.00: BaseObstacle/Trajectory Hits Obstacle.
[controller_server-11] [WARN] [1778374173.042043448] [controller_server]: Could not find a legal trajectory: No valid trajectories out of 909! 
[controller_server-11] [ERROR] [1778374173.042141947] [controller_server]: Controller patience exceeded
[controller_server-11] [WARN] [1778374173.042294370] [controller_server]: [follow_path] [ActionServer] Aborting handle.
[controller_server-11] [INFO] [1778374173.053359116] [local_costmap.local_costmap]: Received request to clear entirely the local_costmap
[controller_server-11] [INFO] [1778374173.055031316] [controller_server]: Received a goal, begin computing control effort.
[controller_server-11] [INFO] [1778374173.355374825] [controller_server]: Passing new path to controller.
[controller_server-11] [WARN] [1778374173.366511144] [controller_server]: Control loop missed its desired rate of 5.0000 Hz. Current loop rate is 3.2133 Hz.
[controller_server-11] [INFO] [1778374174.255387736] [controller_server]: Passing new path to controller.
[controller_server-11] [INFO] [1778374175.255391071] [controller_server]: Passing new path to controller.
[controller_server-11] [INFO] [1778374176.255387387] [controller_server]: Passing new path to controller.
[controller_server-11] [ERROR] [1778374176.472870675] [DWBLocalPlanner]: No valid trajectories out of 909! 
[controller_server-11] [ERROR] [1778374176.472935749] [DWBLocalPlanner]: 1.00: BaseObstacle/Trajectory Hits Obstacle.
[controller_server-11] [WARN] [1778374176.473923717] [controller_server]: Could not find a legal trajectory: No valid trajectories out of 909! 
[controller_server-11] [ERROR] [1778374176.673840863] [DWBLocalPlanner]: No valid trajectories out of 909! 
[controller_server-11] [ERROR] [1778374176.673930732] [DWBLocalPlanner]: 1.00: BaseObstacle/Trajectory Hits Obstacle.
[controller_server-11] [WARN] [1778374176.674715704] [controller_server]: Could not find a legal trajectory: No valid trajectories out of 909! 
[controller_server-11] [ERROR] [1778374176.898025305] [DWBLocalPlanner]: No valid trajectories out of 909! 
[controller_server-11] [ERROR] [1778374176.898094360] [DWBLocalPlanner]: 1.00: BaseObstacle/Trajectory Hits Obstacle.
[controller_server-11] [WARN] [1778374176.898794666] [controller_server]: Could not find a legal trajectory: No valid trajectories out of 909! 
[controller_server-11] [ERROR] [1778374177.073277808] [DWBLocalPlanner]: No valid trajectories out of 909! 
[controller_server-11] [ERROR] [1778374177.073380603] [DWBLocalPlanner]: 1.00: BaseObstacle/Trajectory Hits Obstacle.
[controller_server-11] [WARN] [1778374177.074182222] [controller_server]: Could not find a legal trajectory: No valid trajectories out of 909! 
[controller_server-11] [INFO] [1778374177.255374371] [controller_server]: Passing new path to controller.
[controller_server-11] [ERROR] [1778374177.273707836] [DWBLocalPlanner]: No valid trajectories out of 909! 
[controller_server-11] [ERROR] [1778374177.273791076] [DWBLocalPlanner]: 1.00: BaseObstacle/Trajectory Hits Obstacle.
[controller_server-11] [WARN] [1778374177.274523789] [controller_server]: Could not find a legal trajectory: No valid trajectories out of 909! 
[controller_server-11] [ERROR] [1778374177.274613195] [controller_server]: Controller patience exceeded
[controller_server-11] [WARN] [1778374177.274749730] [controller_server]: [follow_path] [ActionServer] Aborting handle.
[behavior_server-13] [INFO] [1778374177.293840649] [behavior_server]: Running backup
[behavior_server-13] [WARN] [1778374177.294286551] [behavior_server]: Collision Ahead - Exiting DriveOnHeading
[behavior_server-13] [WARN] [1778374177.294341254] [behavior_server]: backup failed
[behavior_server-13] [WARN] [1778374177.294374901] [behavior_server]: [backup] [ActionServer] Aborting handle.
[controller_server-11] [INFO] [1778374177.303033548] [local_costmap.local_costmap]: Received request to clear entirely the local_costmap
[planner_server-12] [INFO] [1778374177.304156015] [global_costmap.global_costmap]: Received request to clear entirely the global_costmap
[planner_server-12] [WARN] [1778374178.006640860] [planner_server]: Planner loop missed its desired rate of 5.0000 Hz. Current loop rate is 1.4269 Hz
[controller_server-11] [INFO] [1778374178.023731194] [controller_server]: Received a goal, begin computing control effort.
[controller_server-11] [ERROR] [1778374179.041329671] [DWBLocalPlanner]: No valid trajectories out of 909! 
[controller_server-11] [ERROR] [1778374179.041412133] [DWBLocalPlanner]: 1.00: BaseObstacle/Trajectory Hits Obstacle.
[controller_server-11] [WARN] [1778374179.042161549] [controller_server]: Could not find a legal trajectory: No valid trajectories out of 909! 
[controller_server-11] [INFO] [1778374179.224084854] [controller_server]: Passing new path to controller.
[controller_server-11] [INFO] [1778374180.224124874] [controller_server]: Passing new path to controller.
[controller_server-11] [INFO] [1778374181.224090839] [controller_server]: Passing new path to controller.
[controller_server-11] [INFO] [1778374182.224091618] [controller_server]: Passing new path to controller.
[controller_server-11] [INFO] [1778374183.224090472] [controller_server]: Passing new path to controller.
[controller_server-11] [INFO] [1778374184.224086622] [controller_server]: Passing new path to controller.
[controller_server-11] [INFO] [1778374185.224086049] [controller_server]: Passing new path to controller.
[controller_server-11] [INFO] [1778374186.424090696] [controller_server]: Passing new path to controller.
[controller_server-11] [INFO] [1778374187.424090216] [controller_server]: Passing new path to controller.
[controller_server-11] [INFO] [1778374188.424090810] [controller_server]: Passing new path to controller.
[planner_server-12] [WARN] [1778374189.313988574] [planner_server]: GridBased plugin failed to plan from (-1.25, -0.33) to (0.59, -0.60): "Failed to create plan with tolerance of: 0.500000"
[planner_server-12] [WARN] [1778374189.314125257] [planner_server]: [compute_path_to_pose] [ActionServer] Aborting handle.
[planner_server-12] [INFO] [1778374189.333315619] [global_costmap.global_costmap]: Received request to clear entirely the global_costmap
[planner_server-12] [WARN] [1778374190.005282046] [planner_server]: GridBased plugin failed to plan from (-1.10, -0.20) to (0.59, -0.60): "Failed to create plan with tolerance of: 0.500000"
[planner_server-12] [WARN] [1778374190.005367304] [planner_server]: [compute_path_to_pose] [ActionServer] Aborting handle.
[controller_server-11] [INFO] [1778374190.024084876] [controller_server]: Cancellation was successful. Stopping the robot.
[controller_server-11] [INFO] [1778374190.024139893] [controller_server]: [follow_path] [ActionServer] Client requested to cancel the goal. Cancelling.
[behavior_server-13] [INFO] [1778374190.025441154] [behavior_server]: Running spin
[behavior_server-13] [INFO] [1778374190.025612689] [behavior_server]: Turning 1.57 for spin behavior.
[behavior_server-13] [WARN] [1778374190.125914480] [behavior_server]: Collision Ahead - Exiting Spin
[behavior_server-13] [WARN] [1778374190.125965053] [behavior_server]: spin failed
[behavior_server-13] [WARN] [1778374190.125988609] [behavior_server]: [spin] [ActionServer] Aborting handle.
[behavior_server-13] [INFO] [1778374190.143486363] [behavior_server]: Running wait
[behavior_server-13] [INFO] [1778374195.143696887] [behavior_server]: wait completed successfully
[planner_server-12] [WARN] [1778374195.163917847] [planner_server]: GridBased plugin failed to plan from (-1.08, -0.18) to (0.59, -0.60): "Failed to create plan with tolerance of: 0.500000"
[planner_server-12] [WARN] [1778374195.164032623] [planner_server]: [compute_path_to_pose] [ActionServer] Aborting handle.
[planner_server-12] [INFO] [1778374195.183200319] [global_costmap.global_costmap]: Received request to clear entirely the global_costmap
[planner_server-12] [WARN] [1778374196.005114947] [planner_server]: GridBased plugin failed to plan from (-1.08, -0.18) to (0.59, -0.60): "Failed to create plan with tolerance of: 0.500000"
[planner_server-12] [WARN] [1778374196.005230890] [planner_server]: [compute_path_to_pose] [ActionServer] Aborting handle.
[behavior_server-13] [INFO] [1778374196.023448709] [behavior_server]: Running backup
[behavior_server-13] [WARN] [1778374196.023701039] [behavior_server]: Collision Ahead - Exiting DriveOnHeading
[behavior_server-13] [WARN] [1778374196.023745408] [behavior_server]: backup failed
[behavior_server-13] [WARN] [1778374196.023767464] [behavior_server]: [backup] [ActionServer] Aborting handle.
[controller_server-11] [INFO] [1778374196.043040380] [local_costmap.local_costmap]: Received request to clear entirely the local_costmap
[planner_server-12] [INFO] [1778374196.043733593] [global_costmap.global_costmap]: Received request to clear entirely the global_costmap
[planner_server-12] [WARN] [1778374197.005245391] [planner_server]: GridBased plugin failed to plan from (-1.08, -0.18) to (0.59, -0.60): "Failed to create plan with tolerance of: 0.500000"
[planner_server-12] [WARN] [1778374197.005344538] [planner_server]: [compute_path_to_pose] [ActionServer] Aborting handle.
[planner_server-12] [INFO] [1778374197.023171418] [global_costmap.global_costmap]: Received request to clear entirely the global_costmap
[planner_server-12] [WARN] [1778374198.004556216] [planner_server]: GridBased plugin failed to plan from (-1.08, -0.18) to (0.59, -0.60): "Failed to create plan with tolerance of: 0.500000"
[planner_server-12] [WARN] [1778374198.004693844] [planner_server]: [compute_path_to_pose] [ActionServer] Aborting handle.
[bt_navigator-14] [WARN] [1778374198.032918867] [bt_navigator]: [navigate_to_pose] [ActionServer] Aborting handle.
[bt_navigator-14] [ERROR] [1778374198.033080068] [bt_navigator]: Goal failed
[WARNING] [launch]: user interrupted with ctrl-c (SIGINT)
[lifecycle_manager-17] [INFO] [1778374208.282263221] [rclcpp]: signal_handler(signum=2)
[lifecycle_manager-17] [INFO] [1778374208.282531088] [lifecycle_manager_navigation]: Running Nav2 LifecycleManager rcl preshutdown (lifecycle_manager_navigation)
[lifecycle_manager-17] [INFO] [1778374208.282612661] [lifecycle_manager_navigation]: [34m[1mTerminating bond timer...[0m[0m
[amcl-16] [INFO] [1778374208.282263128] [rclcpp]: signal_handler(signum=2)
[amcl-16] [INFO] [1778374208.284762040] [amcl]: Running Nav2 LifecycleNode rcl preshutdown (amcl)
[amcl-16] [INFO] [1778374208.284903539] [amcl]: Deactivating
[amcl-16] [INFO] [1778374208.284942038] [amcl]: Destroying bond (amcl) to lifecycle manager.
[planner_server-12] [INFO] [1778374208.282334535] [rclcpp]: signal_handler(signum=2)
[planner_server-12] [INFO] [1778374208.282488681] [planner_server]: Running Nav2 LifecycleNode rcl preshutdown (planner_server)
[planner_server-12] [INFO] [1778374208.282633994] [planner_server]: Deactivating
[planner_server-12] [INFO] [1778374208.282683882] [global_costmap.global_costmap]: Deactivating
[foxglove_bridge-10] [INFO] [1778374208.282362405] [rclcpp]: signal_handler(signum=2)
[behavior_server-13] [INFO] [1778374208.282424330] [rclcpp]: signal_handler(signum=2)
[behavior_server-13] [INFO] [1778374208.282557847] [behavior_server]: Running Nav2 LifecycleNode rcl preshutdown (behavior_server)
[behavior_server-13] [INFO] [1778374208.282677790] [behavior_server]: Deactivating
[behavior_server-13] [INFO] [1778374208.282733067] [behavior_server]: Destroying bond (behavior_server) to lifecycle manager.
[ldlidar_stl_ros2_node-2] [INFO] [1778374208.282507699] [rclcpp]: signal_handler(signum=2)
[map_server-15] [INFO] [1778374208.282575921] [rclcpp]: signal_handler(signum=2)
[map_server-15] [INFO] [1778374208.283072303] [map_server]: Running Nav2 LifecycleNode rcl preshutdown (map_server)
[map_server-15] [INFO] [1778374208.283189783] [map_server]: Deactivating
[map_server-15] [INFO] [1778374208.283220986] [map_server]: Destroying bond (map_server) to lifecycle manager.
[ekf_node-6] [INFO] [1778374208.282673771] [rclcpp]: signal_handler(signum=2)
[controller_server-11] [INFO] [1778374208.285288348] [rclcpp]: signal_handler(signum=2)
[controller_server-11] [INFO] [1778374208.285464420] [controller_server]: Running Nav2 LifecycleNode rcl preshutdown (controller_server)
[controller_server-11] [INFO] [1778374208.285635362] [controller_server]: Deactivating
[controller_server-11] [INFO] [1778374208.285725120] [local_costmap.local_costmap]: Deactivating
[robot_state_publisher-1] [INFO] [1778374208.286266336] [rclcpp]: signal_handler(signum=2)
[bt_navigator-14] [INFO] [1778374208.282315739] [rclcpp]: signal_handler(signum=2)
[bt_navigator-14] [INFO] [1778374208.289432183] [bt_navigator]: Running Nav2 LifecycleNode rcl preshutdown (bt_navigator)
[bt_navigator-14] [INFO] [1778374208.289727346] [bt_navigator]: Deactivating
[bt_navigator-14] [INFO] [1778374208.289784512] [bt_navigator]: Destroying bond (bt_navigator) to lifecycle manager.
[imu_node-5] [INFO] [1778374208.290832369] [imu_node]: Shutting down IMU node
[imu_node-5] Failed to publish log message to rosout: publisher's context is invalid, at ./src/rcl/publisher.c:423
[motor_driver_node-3] [INFO] [1778374208.292456329] [motor_driver_node]: Cleaning up motor GPIO...
[motor_driver_node-3] Failed to publish log message to rosout: publisher's context is invalid, at ./src/rcl/publisher.c:423
[ldlidar_stl_ros2_node-2] [INFO] [1778374208.308157237] [LD19]: ldlidar_published is end
[bt_navigator-14] [INFO] [1778374208.310250710] [bt_navigator]: Cleaning up
[behavior_server-13] [INFO] [1778374208.313220264] [behavior_server]: Cleaning up
[map_server-15] [INFO] [1778374208.313642888] [map_server]: Cleaning up
[map_server-15] [INFO] [1778374208.313716350] [map_server]: Destroying bond (map_server) to lifecycle manager.
[amcl-16] [INFO] [1778374208.318400141] [amcl]: Cleaning up
[foxglove_bridge-10] [INFO] [1778374208.319487645] [foxglove_bridge]: Shutting down foxglove_bridge
[controller_server-11] [INFO] [1778374208.332988526] [controller_server]: Destroying bond (controller_server) to lifecycle manager.
[behavior_server-13] [INFO] [1778374208.347631613] [behavior_server]: Destroying bond (behavior_server) to lifecycle manager.
[controller_server-11] [INFO] [1778374208.350182321] [controller_server]: Cleaning up
[controller_server-11] [INFO] [1778374208.351001625] [local_costmap.local_costmap]: Cleaning up
[behavior_server-13] [INFO] [1778374208.448515452] [behavior_server]: Destroying
[foxglove_bridge-10] [INFO] [1778374208.451111289] [foxglove_bridge]: received unsubscribe request for channel 12
[foxglove_bridge-10] [INFO] [1778374208.451142399] [foxglove_bridge]: Cleaned up subscription to topic /robot_description for client 1 on channel 12
[amcl-16] [INFO] [1778374208.455041256] [amcl]: Destroying bond (amcl) to lifecycle manager.
[foxglove_bridge-10] [INFO] [1778374208.461610652] [foxglove_bridge]: received unsubscribe request for channel 14
[foxglove_bridge-10] [INFO] [1778374208.461653041] [foxglove_bridge]: Cleaned up subscription to topic /tf for client 1 on channel 14
[foxglove_bridge-10] [INFO] [1778374208.468667301] [foxglove_bridge]: received unsubscribe request for channel 2
[foxglove_bridge-10] [INFO] [1778374208.468705301] [foxglove_bridge]: Cleaned up subscription to topic /tf_static for client 1 on channel 2
[foxglove_bridge-10] [INFO] [1778374208.471924907] [foxglove_bridge]: received unsubscribe request for channel 70
[foxglove_bridge-10] [INFO] [1778374208.471967833] [foxglove_bridge]: Cleaned up subscription to topic /plan for client 1 on channel 70
[foxglove_bridge-10] [INFO] [1778374208.476862325] [foxglove_bridge]: received unsubscribe request for channel 50
[foxglove_bridge-10] [INFO] [1778374208.476902676] [foxglove_bridge]: Cleaned up subscription to topic /local_plan for client 1 on channel 50
[amcl-16] [INFO] [1778374208.483513553] [amcl]: Destroying
[foxglove_bridge-10] [INFO] [1778374208.485537990] [foxglove_bridge]: received unsubscribe request for channel 24
[foxglove_bridge-10] [INFO] [1778374208.485576749] [foxglove_bridge]: Cleaned up subscription to topic /local_costmap/voxel_layer_updates for client 1 on channel 24
[map_server-15] [INFO] [1778374208.488428360] [map_server]: Destroying
[foxglove_bridge-10] [INFO] [1778374208.492070127] [foxglove_bridge]: received unsubscribe request for channel 67
[foxglove_bridge-10] [INFO] [1778374208.492104682] [foxglove_bridge]: Cleaned up subscription to topic /map for client 1 on channel 67
[foxglove_bridge-10] [INFO] [1778374208.495413584] [foxglove_bridge]: received unsubscribe request for channel 75
[foxglove_bridge-10] [INFO] [1778374208.495459380] [foxglove_bridge]: Cleaned up subscription to topic /move_base_simple/goal for client 1 on channel 75
[foxglove_bridge-10] [INFO] [1778374208.497770146] [foxglove_bridge]: received unsubscribe request for channel 39
[foxglove_bridge-10] [INFO] [1778374208.497801571] [foxglove_bridge]: Cleaned up subscription to topic /initialpose for client 1 on channel 39
[foxglove_bridge-10] [INFO] [1778374208.503698643] [foxglove_bridge]: received unsubscribe request for channel 71
[foxglove_bridge-10] [INFO] [1778374208.503735939] [foxglove_bridge]: Cleaned up subscription to topic /goal_pose for client 1 on channel 71
[foxglove_bridge-10] [INFO] [1778374208.507154691] [foxglove_bridge]: received unsubscribe request for channel 29
[foxglove_bridge-10] [INFO] [1778374208.507192098] [foxglove_bridge]: Cleaned up subscription to topic /local_costmap/voxel_layer for client 1 on channel 29
[foxglove_bridge-10] [INFO] [1778374208.511106639] [foxglove_bridge]: Shutdown complete
[lifecycle_manager-17] [INFO] [1778374208.589117275] [lifecycle_manager_navigation]: Destroying lifecycle_manager_navigation
[controller_server-11] [INFO] [1778374208.664722905] [controller_server]: Destroying bond (controller_server) to lifecycle manager.
[controller_server-11] [INFO] [1778374208.704736071] [local_costmap.local_costmap]: Destroying
[INFO] [ldlidar_stl_ros2_node-2]: process has finished cleanly [pid 51466]
[controller_server-11] [INFO] [1778374208.779220974] [controller_server]: Destroying
[encoder_odom_node-4] Traceback (most recent call last):
[encoder_odom_node-4]   File "/home/harsh/ros2_ws/install/my_robot_package/lib/my_robot_package/encoder_odom_node", line 33, in <module>
[encoder_odom_node-4]     sys.exit(load_entry_point('my-robot-package==0.0.0', 'console_scripts', 'encoder_odom_node')())
[encoder_odom_node-4]              ^^^^^^^^^^^^^^^^^^^^^^^^^^^^^^^^^^^^^^^^^^^^^^^^^^^^^^^^^^^^^^^^^^^^^^^^^^^^^^^^^^^^^
[encoder_odom_node-4]   File "/home/harsh/ros2_ws/install/my_robot_package/lib/python3.12/site-packages/my_robot_package/encoder_odom_node.py", line 218, in main
[encoder_odom_node-4]     rclpy.shutdown()
[encoder_odom_node-4]   File "/opt/ros/jazzy/lib/python3.12/site-packages/rclpy/__init__.py", line 134, in shutdown
[encoder_odom_node-4]     _shutdown(context=context)
[encoder_odom_node-4]   File "/opt/ros/jazzy/lib/python3.12/site-packages/rclpy/utilities.py", line 82, in shutdown
[encoder_odom_node-4]     context.shutdown()
[encoder_odom_node-4]   File "/opt/ros/jazzy/lib/python3.12/site-packages/rclpy/context.py", line 129, in shutdown
[encoder_odom_node-4]     self.__context.shutdown()
[encoder_odom_node-4] rclpy._rclpy_pybind11.RCLError: failed to shutdown: rcl_shutdown already called on the given context, at ./src/rcl/init.c:333
[INFO] [robot_state_publisher-1]: process has finished cleanly [pid 51465]
[INFO] [behavior_server-13]: process has finished cleanly [pid 51481]
[ir_driver-8] Traceback (most recent call last):
[ir_driver-8]   File "/home/harsh/ros2_ws/install/my_robot_package/lib/my_robot_package/ir_driver", line 33, in <module>
[ir_driver-8]     sys.exit(load_entry_point('my-robot-package==0.0.0', 'console_scripts', 'ir_driver')())
[ir_driver-8]              ^^^^^^^^^^^^^^^^^^^^^^^^^^^^^^^^^^^^^^^^^^^^^^^^^^^^^^^^^^^^^^^^^^^^^^^^^^^^^
[ir_driver-8]   File "/home/harsh/ros2_ws/install/my_robot_package/lib/python3.12/site-packages/my_robot_package/ir_driver.py", line 64, in main
[ir_driver-8]     rclpy.shutdown()
[ir_driver-8]   File "/opt/ros/jazzy/lib/python3.12/site-packages/rclpy/__init__.py", line 134, in shutdown
[ir_driver-8]     _shutdown(context=context)
[ir_driver-8]   File "/opt/ros/jazzy/lib/python3.12/site-packages/rclpy/utilities.py", line 82, in shutdown
[ir_driver-8]     context.shutdown()
[ir_driver-8]   File "/opt/ros/jazzy/lib/python3.12/site-packages/rclpy/context.py", line 129, in shutdown
[ir_driver-8]     self.__context.shutdown()
[ir_driver-8] rclpy._rclpy_pybind11.RCLError: failed to shutdown: rcl_shutdown already called on the given context, at ./src/rcl/init.c:333
[INFO] [ekf_node-6]: process has finished cleanly [pid 51470]
[INFO] [lifecycle_manager-17]: process has finished cleanly [pid 51485]
[bt_navigator-14] [INFO] [1778374208.859500451] [bt_navigator]: Completed Cleaning up
[bt_navigator-14] [INFO] [1778374208.859601024] [bt_navigator]: Destroying bond (bt_navigator) to lifecycle manager.
[INFO] [map_server-15]: process has finished cleanly [pid 51483]
[INFO] [amcl-16]: process has finished cleanly [pid 51484]
[bt_navigator-14] [INFO] [1778374208.880821248] [bt_navigator]: Destroying
[imu_node-5] Traceback (most recent call last):
[imu_node-5]   File "/home/harsh/ros2_ws/install/my_robot_package/lib/my_robot_package/imu_node", line 33, in <module>
[imu_node-5]     sys.exit(load_entry_point('my-robot-package==0.0.0', 'console_scripts', 'imu_node')())
[imu_node-5]              ^^^^^^^^^^^^^^^^^^^^^^^^^^^^^^^^^^^^^^^^^^^^^^^^^^^^^^^^^^^^^^^^^^^^^^^^^^^^
[imu_node-5]   File "/home/harsh/ros2_ws/install/my_robot_package/lib/python3.12/site-packages/my_robot_package/imu_node.py", line 96, in main
[imu_node-5]     rclpy.shutdown()
[imu_node-5]   File "/opt/ros/jazzy/lib/python3.12/site-packages/rclpy/__init__.py", line 134, in shutdown
[imu_node-5]     _shutdown(context=context)
[imu_node-5]   File "/opt/ros/jazzy/lib/python3.12/site-packages/rclpy/utilities.py", line 82, in shutdown
[imu_node-5]     context.shutdown()
[imu_node-5]   File "/opt/ros/jazzy/lib/python3.12/site-packages/rclpy/context.py", line 129, in shutdown
[imu_node-5]     self.__context.shutdown()
[imu_node-5] rclpy._rclpy_pybind11.RCLError: failed to shutdown: rcl_shutdown already called on the given context, at ./src/rcl/init.c:333
[motor_driver_node-3] Traceback (most recent call last):
[motor_driver_node-3]   File "/home/harsh/ros2_ws/install/my_robot_package/lib/my_robot_package/motor_driver_node", line 33, in <module>
[motor_driver_node-3]     sys.exit(load_entry_point('my-robot-package==0.0.0', 'console_scripts', 'motor_driver_node')())
[motor_driver_node-3]              ^^^^^^^^^^^^^^^^^^^^^^^^^^^^^^^^^^^^^^^^^^^^^^^^^^^^^^^^^^^^^^^^^^^^^^^^^^^^^^^^^^^^^
[motor_driver_node-3]   File "/home/harsh/ros2_ws/install/my_robot_package/lib/python3.12/site-packages/my_robot_package/motor_driver_node.py", line 123, in main
[motor_driver_node-3]     rclpy.shutdown()
[motor_driver_node-3]   File "/opt/ros/jazzy/lib/python3.12/site-packages/rclpy/__init__.py", line 134, in shutdown
[motor_driver_node-3]     _shutdown(context=context)
[motor_driver_node-3]   File "/opt/ros/jazzy/lib/python3.12/site-packages/rclpy/utilities.py", line 82, in shutdown
[motor_driver_node-3]     context.shutdown()
[motor_driver_node-3]   File "/opt/ros/jazzy/lib/python3.12/site-packages/rclpy/context.py", line 129, in shutdown
[motor_driver_node-3]     self.__context.shutdown()
[motor_driver_node-3] rclpy._rclpy_pybind11.RCLError: failed to shutdown: rcl_shutdown already called on the given context, at ./src/rcl/init.c:333
[planner_server-12] [INFO] [1778374208.997180201] [planner_server]: Deactivating plugin GridBased of type NavfnPlanner
[planner_server-12] [INFO] [1778374208.997283959] [planner_server]: Destroying bond (planner_server) to lifecycle manager.
[planner_server-12] [INFO] [1778374209.007576381] [planner_server]: Cleaning up
[planner_server-12] [INFO] [1778374209.026436136] [global_costmap.global_costmap]: Cleaning up
[planner_server-12] [INFO] [1778374209.039819703] [planner_server]: Cleaning up plugin GridBased of type NavfnPlanner
[planner_server-12] [INFO] [1778374209.042132173] [planner_server]: Destroying plugin GridBased of type NavfnPlanner
[bumper_node-9] Traceback (most recent call last):
[bumper_node-9]   File "/home/harsh/ros2_ws/install/my_robot_package/lib/my_robot_package/bumper_node", line 33, in <module>
[INFO] [controller_server-11]: process has finished cleanly [pid 51475]
[bumper_node-9]     sys.exit(load_entry_point('my-robot-package==0.0.0', 'console_scripts', 'bumper_node')())
[bumper_node-9]              ^^^^^^^^^^^^^^^^^^^^^^^^^^^^^^^^^^^^^^^^^^^^^^^^^^^^^^^^^^^^^^^^^^^^^^^^^^^^^^^
[bumper_node-9]   File "/home/harsh/ros2_ws/install/my_robot_package/lib/python3.12/site-packages/my_robot_package/bumper_node.py", line 60, in main
[bumper_node-9]     rclpy.shutdown()
[bumper_node-9]   File "/opt/ros/jazzy/lib/python3.12/site-packages/rclpy/__init__.py", line 134, in shutdown
[bumper_node-9]     _shutdown(context=context)
[bumper_node-9]   File "/opt/ros/jazzy/lib/python3.12/site-packages/rclpy/utilities.py", line 82, in shutdown
[bumper_node-9]     context.shutdown()
[bumper_node-9]   File "/opt/ros/jazzy/lib/python3.12/site-packages/rclpy/context.py", line 129, in shutdown
[bumper_node-9]     self.__context.shutdown()
[bumper_node-9] rclpy._rclpy_pybind11.RCLError: failed to shutdown: rcl_shutdown already called on the given context, at ./src/rcl/init.c:333
[planner_server-12] [INFO] [1778374209.081766047] [planner_server]: Destroying bond (planner_server) to lifecycle manager.
[ultra_sensor_node-7] Traceback (most recent call last):
[ultra_sensor_node-7]   File "/home/harsh/ros2_ws/install/my_robot_package/lib/my_robot_package/ultra_sensor_node", line 33, in <module>
[ultra_sensor_node-7]     sys.exit(load_entry_point('my-robot-package==0.0.0', 'console_scripts', 'ultra_sensor_node')())
[ultra_sensor_node-7]              ^^^^^^^^^^^^^^^^^^^^^^^^^^^^^^^^^^^^^^^^^^^^^^^^^^^^^^^^^^^^^^^^^^^^^^^^^^^^^^^^^^^^^
[ultra_sensor_node-7]   File "/home/harsh/ros2_ws/install/my_robot_package/lib/python3.12/site-packages/my_robot_package/ultra_sensor_node.py", line 68, in main
[ultra_sensor_node-7]     rclpy.shutdown()
[ultra_sensor_node-7]   File "/opt/ros/jazzy/lib/python3.12/site-packages/rclpy/__init__.py", line 134, in shutdown
[planner_server-12] [INFO] [1778374209.096061658] [global_costmap.global_costmap]: Destroying
[ultra_sensor_node-7]     _shutdown(context=context)
[ultra_sensor_node-7]   File "/opt/ros/jazzy/lib/python3.12/site-packages/rclpy/utilities.py", line 82, in shutdown
[ultra_sensor_node-7]     context.shutdown()
[ultra_sensor_node-7]   File "/opt/ros/jazzy/lib/python3.12/site-packages/rclpy/context.py", line 129, in shutdown
[ultra_sensor_node-7]     self.__context.shutdown()
[ultra_sensor_node-7] rclpy._rclpy_pybind11.RCLError: failed to shutdown: rcl_shutdown already called on the given context, at ./src/rcl/init.c:333
[INFO] [bt_navigator-14]: process has finished cleanly [pid 51482]
[planner_server-12] [INFO] [1778374209.120038236] [planner_server]: Destroying
[INFO] [planner_server-12]: process has finished cleanly [pid 51480]
[ERROR] [imu_node-5]: process has died [pid 51469, exit code 1, cmd '/home/harsh/ros2_ws/install/my_robot_package/lib/my_robot_package/imu_node --ros-args -r __node:=imu_node'].
[INFO] [foxglove_bridge-10]: process has finished cleanly [pid 51474]
[ERROR] [ir_driver-8]: process has died [pid 51472, exit code 1, cmd '/home/harsh/ros2_ws/install/my_robot_package/lib/my_robot_package/ir_driver --ros-args -r __node:=ir_sensor_node --params-file /tmp/launch_params_64f9t0gw'].
[ERROR] [encoder_odom_node-4]: process has died [pid 51468, exit code 1, cmd '/home/harsh/ros2_ws/install/my_robot_package/lib/my_robot_package/encoder_odom_node --ros-args -r __node:=encoder_odom_node --params-file /tmp/launch_params_9368tj9z'].
[ERROR] [motor_driver_node-3]: process has died [pid 51467, exit code 1, cmd '/home/harsh/ros2_ws/install/my_robot_package/lib/my_robot_package/motor_driver_node --ros-args -r __node:=motor_driver_node'].
[ERROR] [bumper_node-9]: process has died [pid 51473, exit code 1, cmd '/home/harsh/ros2_ws/install/my_robot_package/lib/my_robot_package/bumper_node --ros-args -r __node:=bumper_node'].
[ERROR] [ultra_sensor_node-7]: process has died [pid 51471, exit code 1, cmd '/home/harsh/ros2_ws/install/my_robot_package/lib/my_robot_package/ultra_sensor_node --ros-args -r __node:=ultra_sensor_node --params-file /tmp/launch_params_b92apyt7'].
